역코드,역명,상하행,출구,빠른하차,
145,온수(1),0,"1번출구, 3번출구, 7번출구, 8번출구",2-2,
145,온수(1),0,"2번출구, 4번출구, 5번출구, 6번출구",1-1,
145,온수(1),1,"1번출구, 3번출구, 7번출구, 8번출구",9-1,
145,온수(1),1,"2번출구, 4번출구, 5번출구, 6번출구",1-4,
144,오류동,0,"1번출구, 2번출구, 3번출구",4-1,
144,오류동,1,"1번출구, 2번출구, 3번출구",7-3,
143,개봉,0,"1번출구, 2번출구",6-3,
143,개봉,1,"1번출구, 2번출구",5-1,
142,구일,0,2번출구,10-4,
142,구일,1,1번출구,8-4,
142,구일,1,2번출구,1-1,
141,구로,0,"1번출구, 2번출구, 3번출구",10-4,
141,구로,1,"1번출구, 2번출구, 3번출구",1-1,
140,신도림(1),0,"1번출구, 2번출구, 3번출구",10-1,
140,신도림(1),0,"1번출구, 2번출구, 3번출구",4-4,
140,신도림(1),0,"4번출구, 5번출구, 6번출구",3-4,
140,신도림(1),0,"4번출구, 5번출구, 6번출구",8-4,
140,신도림(1),1,"1번출구, 2번출구, 3번출구",2-3,
140,신도림(1),1,"1번출구, 2번출구, 3번출구",3-2,
140,신도림(1),1,"4번출구, 5번출구, 6번출구",4-4,
139,영등포,0,"1번출구, 2번출구",8-2,
139,영등포,0,"3번출구, 4번출구, 5번출구, 6번출구",6-2,
139,영등포,0,"3번출구, 4번출구, 6번출구",6-4,
139,영등포,0,5번출구,2-4,
139,영등포,1,"1번출구, 2번출구",2-4,
139,영등포,1,"1번출구, 2번출구, 3번출구",3-3,
139,영등포,1,"3번출구, 4번출구, 5번출구, 6번출구",4-4,
139,영등포,1,"4번출구, 5번출구, 6번출구",5-2,
139,영등포,1,"4번출구, 5번출구, 6번출구",9-1,
138,신길(1),0,"1번출구, 2번출구",10-4,
138,신길(1),0,3번출구,9-1,
138,신길(1),1,"1번출구, 2번출구",1-1,
138,신길(1),1,3번출구,2-4,
137,대방,0,"1번출구, 2번출구, 3번출구, 4번출구, 5번출구, 6번출구, 7번출구",4-2,
137,대방,0,"1번출구, 2번출구, 3번출구, 4번출구, 5번출구, 6번출구, 7번출구",6-4,
137,대방,1,"1번출구, 2번출구, 3번출구, 4번출구, 5번출구, 7번출구",7-2,
137,대방,1,"1번출구, 2번출구, 3번출구, 4번출구, 5번출구, 6번출구, 7번출구",7-3,
137,대방,1,6번출구,4-4,
136,"	
노량진(1)",0,"1번출구, 2번출구",1-1,
136,"	
노량진(1)",0,"3번출구, 3-1번출구, 4번출구, 5번출구, 6번출구, 7번출구, 8번출구",5-2,
136,"	
노량진(1)",1,1번출구,10-2,
136,"	
노량진(1)",1,"1번출구, 2번출구",10-4,
136,"	
노량진(1)",1,"3번출구, 3-1번출구, 4번출구, 5번출구, 6번출구, 7번출구, 8번출구",6-3,
135,용산(1),0,"1번출구, 2번출구, 3번출구",3-1,
135,용산(1),0,"1번출구, 2번출구, 3번출구",6-3,
135,용산(1),0,"1번출구, 2번출구, 3번출구",10-2,
135,용산(1),0,"1번출구, 2번출구, 3번출구",9-3,
135,용산(1),1,"1번출구, 2번출구, 3번출구",1-1,
134,남영,0,1번출구,1-1,
134,남영,1,1번출구,10-4,
133,서울역(1),0,"1번출구, 9-1번출구, 11번출구, 12번출구, 13번출구, 14번출구",9-4,
133,서울역(1),0,"2번출구, 6번출구, 7번출구, 8번출구, 9번출구",3-4,
133,서울역(1),0,"3번출구, 4번출구, 5번출구",1-1,
133,서울역(1),0,"8번출구, 9번출구",7-3,
133,서울역(1),0,10번출구,9-3,
133,서울역(1),0,15번출구,10-4,
133,서울역(1),1,"1번출구, 9-1번출구, 10번출구, 11번출구, 12번출구, 13번출구, 14번출구",2-3,
133,서울역(1),1,"2번출구, 6번출구, 7번출구, 8번출구, 9번출구",8-2,
133,서울역(1),1,"3번출구, 4번출구, 5번출구",10-4,
133,서울역(1),1,"8번출구, 9번출구",4-3,
133,서울역(1),1,15번출구,1-2,
132,시청(1),0,"1번출구, 6번출구, 7번출구, 8번출구, 9번출구, 10번출구, 11번출구, 12번출구",6-1,
132,시청(1),0,"1번출구, 6번출구, 7번출구, 8번출구, 9번출구, 10번출구, 11번출구, 12번출구",7-4,
132,시청(1),0,"2번출구, 3번출구, 4번출구, 5번출구",4-1,
132,시청(1),0,"2번출구, 3번출구, 4번출구, 5번출구",2-2,
132,시청(1),1,"1번출구, 6번출구, 7번출구, 8번출구, 9번출구, 10번출구, 11번출구, 12번출구",4-1,
132,시청(1),1,"1번출구, 6번출구, 7번출구, 8번출구, 9번출구, 10번출구, 11번출구, 12번출구",5-4,
132,시청(1),1,"2번출구, 3번출구, 4번출구, 5번출구",7-4,
132,시청(1),1,"2번출구, 3번출구, 4번출구, 5번출구",9-3,
131,종각,0,"1번출구, 2번출구, 3번출구, 3-1번출구, 4번출구, 5번출구, 6번출구",7-4,
131,종각,0,"1번출구, 2번출구, 3번출구, 3-1번출구, 4번출구, 5번출구, 6번출구",6-1,
131,종각,0,"7번출구, 8번출구, 9번출구, 10번출구, 11번출구, 12번출구",1-4,
131,종각,1,"1번출구, 2번출구, 3번출구, 3-1번출구, 4번출구, 5번출구, 6번출구",4-1,
131,종각,1,"1번출구, 2번출구, 3번출구, 3-1번출구, 4번출구, 5번출구, 6번출구",5-4,
131,종각,1,"7번출구, 8번출구, 9번출구, 10번출구, 11번출구, 12번출구",10-1,
130,종로3가(1),0,"1번출구, 2번출구, 2-1번출구, 9번출구, 14번출구, 15번출구",7-3,
130,종로3가(1),0,"3번출구, 6번출구, 7번출구, 8번출구",6-1,
130,종로3가(1),0,"4번출구, 5번출구, 10번출구, 11번출구, 12번출구, 13번출구",4-2,
130,종로3가(1),1,"1번출구, 2번출구, 2-1번출구, 9번출구, 14번출구, 15번출구",4-2,
130,종로3가(1),1,"3번출구, 4번출구, 5번출구, 6번출구, 7번출구, 8번출구, 10번출구, 11번출구, 12번출구, 13번출구",7-3,
129,종로5가,0,"1번출구, 2번출구, 3번출구, 4번출구, 5번출구, 6번출구, 7번출구, 8번출구",4-2,
129,종로5가,1,"1번출구, 2번출구, 3번출구, 4번출구, 5번출구, 6번출구, 7번출구, 8번출구",7-3,
128,동대문(1),0,"1번출구, 6번출구, 7번출구, 8번출구, 9번출구, 10번출구",8-4,
128,동대문(1),0,"2번출구, 3번출구, 4번출구, 5번출구",2-3,
128,동대문(1),1,"1번출구, 6번출구, 7번출구, 8번출구, 9번출구, 10번출구",3-1,
128,동대문(1),1,"2번출구, 3번출구, 4번출구, 5번출구",9-2,
127,동묘앞(1),0,"1번출구, 8번출구, 9번출구, 10번출구",10-4,
127,동묘앞(1),0,"2번출구, 3번출구",4-3,
127,동묘앞(1),0,"4번출구, 5번출구, 6번출구, 7번출구",9-1,
127,동묘앞(1),1,"1번출구, 4번출구, 5번출구, 6번출구, 7번출구, 8번출구, 9번출구, 10번출구",2-3,
127,동묘앞(1),1,"2번출구, 3번출구",7-1,
126,신설동(1),0,"1번출구, 6번출구, 7번출구, 8번출구, 9번출구, 10번출구, 11번출구, 12번출구",9-4,
126,신설동(1),0,"2번출구, 3번출구, 4번출구, 5번출구",3-1,
126,신설동(1),0,"2번출구, 3번출구, 4번출구, 5번출구",3-2,
126,신설동(1),0,"2번출구, 3번출구, 4번출구, 5번출구",4-4,
126,신설동(1),1,"1번출구, 2번출구, 9번출구, 10번출구, 12번출구",4-4,
126,신설동(1),1,"1번출구, 2번출구",3-2,
126,신설동(1),1,"3번출구, 4번출구",9-4,
126,신설동(1),1,"3번출구, 4번출구, 5번출구, 6번출구",8-4,
126,신설동(1),1,"5번출구, 6번출구",7-1,
126,신설동(1),1,"7번출구, 8번출구, 11번출구",2-1,
125,제기동,0,"1번출구, 5번출구, 6번출구",9-1,
125,제기동,0,"2번출구, 3번출구, 4번출구",4-4,
125,제기동,1,"1번출구, 5번출구, 6번출구",2-4,
125,제기동,1,"2번출구, 3번출구, 4번출구",7-1,
124,청량리(1),0,"1번출구, 6번출구",10-4,
124,청량리(1),0,"2번출구, 3번출구, 4번출구",1-1,
124,청량리(1),1,"1번출구, 6번출구",1-1,
124,청량리(1),1,"2번출구, 3번출구, 4번출구",10-4,
123,회기(1),0,"1번출구, 2번출구",4-3,
123,회기(1),1,"1번출구, 2번출구",7-2,
122,외대앞,0,"1번출구, 2번출구",10-4,
122,외대앞,1,"1번출구, 2번출구",1-1,
121,신이문,0,"1번출구, 2번출구, 3번출구, 4번출구, 5번출구",1-1,
121,신이문,1,"1번출구, 2번출구, 3번출구, 4번출구, 5번출구",10-4,
120,석계(1),0,"1번출구, 6번출구, 7번출구",8-1,
120,석계(1),0,"2번출구, 3번출구, 4번출구, 5번출구",10-4,
120,석계(1),1,"1번출구, 6번출구, 7번출구",3-4,
120,석계(1),1,"2번출구, 3번출구, 4번출구, 5번출구",1-1,
119,광운대,0,"1번출구, 2번출구",6-3,
119,광운대,0,"1번출구, 2번출구",6-4,
119,광운대,0,"1번출구, 2번출구",7-1,
119,광운대,0,"1번출구, 2번출구",6-2,
119,광운대,1,"1번출구, 2번출구",5-4,
119,광운대,1,"1번출구, 2번출구",8-2,
119,광운대,1,"1번출구, 2번출구",8-3,
119,광운대,1,"1번출구, 2번출구",6-2,
118,월계,0,"1번출구, 2번출구",2-2,
118,월계,0,"1번출구, 2번출구",2-3,
118,월계,0,"3번출구, 4번출구",10-4,
118,월계,1,"1번출구, 2번출구",9-2,
118,월계,1,"1번출구, 2번출구",9-3,
118,월계,1,"3번출구, 4번출구",1-1,
117,녹천,0,"1번출구, 2번출구",2-1,
117,녹천,0,"3번출구, 4번출구",10-4,
117,녹천,1,"1번출구, 2번출구",9-4,
117,녹천,1,"3번출구, 4번출구",1-1,
116,창동(1),0,"1번출구, 2번출구",1-3,
116,창동(1),1,"1번출구, 2번출구",10-3,
115,방학,0,"1번출구, 2번출구",1-1,
115,방학,0,3번출구,10-4,
115,방학,1,"1번출구, 2번출구",10-4,
115,방학,1,3번출구,1-1,
114,도봉,0,1번출구,1-1,
114,도봉,0,"2번출구, 3번출구",10-4,
114,도봉,1,1번출구,10-4,
114,도봉,1,"2번출구, 3번출구",1-1,
113,도봉산(1),0,"1번출구, 2번출구, 3번출구",7-2,
113,도봉산(1),0,"1번출구, 2번출구, 3번출구",10-4,
113,도봉산(1),0,1-1번출구,2-2,
113,도봉산(1),1,"1번출구, 2번출구, 3번출구",1-1,
113,도봉산(1),1,"1번출구, 2번출구, 3번출구",4-2,
113,도봉산(1),1,"1번출구, 2번출구, 3번출구",4-3,
113,도봉산(1),1,1-1번출구,9-3,
201,시청(2),0,"1번출구, 2번출구, 3번출구, 4번출구, 5번출구, 6번출구, 7번출구, 8번출구, 11번출구, 12번출구",2-2,
201,시청(2),0,"1번출구, 2번출구, 3번출구, 4번출구, 5번출구, 6번출구, 7번출구, 8번출구, 11번출구, 12번출구",4-1,
201,시청(2),0,"9번출구, 10번출구",7-4,
201,시청(2),0,"9번출구, 10번출구",9-4,
201,시청(2),1,"1번출구, 2번출구, 3번출구, 4번출구, 5번출구, 6번출구, 7번출구, 8번출구, 11번출구, 12번출구",7-4,
201,시청(2),1,"1번출구, 2번출구, 3번출구, 4번출구, 5번출구, 6번출구, 7번출구, 8번출구, 11번출구, 12번출구",9-3,
201,시청(2),1,"9번출구, 10번출구",2-1,
201,시청(2),1,"9번출구, 10번출구",4-1,
202,을지로입구,0,"1번출구, 2번출구, 7번출구, 8번출구",5-2,
202,을지로입구,0,"1번출구, 2번출구, 7번출구, 8번출구",7-2,
202,을지로입구,0,1-1번출구,10-2,
202,을지로입구,0,"3번출구, 4번출구, 5번출구, 6번출구",1-3,
202,을지로입구,1,"1번출구, 2번출구, 7번출구, 8번출구",4-3,
202,을지로입구,1,"1번출구, 2번출구, 7번출구, 8번출구",6-3,
202,을지로입구,1,1-1번출구,1-3,
202,을지로입구,1,"3번출구, 4번출구, 5번출구, 6번출구",10-2,
203,을지로3가(2),0,"1번출구, 11번출구, 12번출구",9-2,
203,을지로3가(2),0,"1번출구, 11번출구, 12번출구",7-4,
203,을지로3가(2),0,"2번출구, 3번출구, 4번출구, 5번출구, 6번출구, 7번출구, 8번출구, 9번출구, 10번출구",4-1,
203,을지로3가(2),0,"2번출구, 3번출구, 4번출구, 5번출구, 6번출구, 7번출구, 8번출구, 9번출구, 10번출구",2-3,
203,을지로3가(2),1,"1번출구, 11번출구, 12번출구",2-3,
203,을지로3가(2),1,"1번출구, 11번출구, 12번출구",4-1,
203,을지로3가(2),1,"2번출구, 3번출구, 4번출구, 5번출구, 6번출구, 7번출구, 8번출구, 9번출구, 10번출구",7-4,
203,을지로3가(2),1,"2번출구, 3번출구, 4번출구, 5번출구, 6번출구, 7번출구, 8번출구, 9번출구, 10번출구",9-2,
204,을지로4가(2),0,"1번출구, 2번출구, 9번출구, 10번출구",7-4,
204,을지로4가(2),0,"1번출구, 2번출구, 9번출구, 10번출구",9-2,
204,을지로4가(2),0,"3번출구, 4번출구, 5번출구, 6번출구, 7번출구, 8번출구",2-4,
204,을지로4가(2),1,"1번출구, 2번출구, 9번출구, 10번출구",2-3,
204,을지로4가(2),1,"1번출구, 2번출구, 9번출구, 10번출구",4-1,
204,을지로4가(2),1,"3번출구, 4번출구, 5번출구, 6번출구, 7번출구, 8번출구",9-1,
205,동대문역사문화공원(2),0,"1번출구, 4번출구, 5번출구, 6번출구, 7번출구, 8번출구, 9번출구, 10번출구, 11번출구, 12번출구, 13번출구, 14번출구",8-1,
205,동대문역사문화공원(2),0,"2번출구, 3번출구",2-3,
205,동대문역사문화공원(2),1,"1번출구, 4번출구, 5번출구, 6번출구, 7번출구, 8번출구, 9번출구, 10번출구, 11번출구, 12번출구, 13번출구, 14번출구",3-4,
205,동대문역사문화공원(2),1,"2번출구, 3번출구",9-2,
206,신당(2),0,"1번출구, 4번출구",8-4,
206,신당(2),0,"1번출구, 4번출구",7-2,
206,신당(2),0,"2번출구, 3번출구",4-2,
206,신당(2),0,"2번출구, 3번출구",2-4,
206,신당(2),0,"5번출구, 6번출구, 7번출구, 8번출구, 9번출구, 10번출구, 11번출구, 12번출구",10-4,
206,신당(2),1,"1번출구, 4번출구",3-1,
206,신당(2),1,"1번출구, 4번출구",4-3,
206,신당(2),1,"2번출구, 3번출구",7-3,
206,신당(2),1,"2번출구, 3번출구",9-1,
206,신당(2),1,"5번출구, 6번출구, 7번출구, 8번출구, 9번출구, 10번출구, 11번출구, 12번출구",1-1,
207,상왕십리,0,"2번출구, 3번출구, 4번출구",3-1,
207,상왕십리,0,"2번출구, 3번출구, 4번출구",4-3,
207,상왕십리,0,"5번출구, 6번출구",7-2,
207,상왕십리,1,"2번출구, 3번출구, 4번출구",7-2,
207,상왕십리,1,"2번출구, 3번출구, 4번출구",8-4,
207,상왕십리,1,"5번출구, 6번출구",4-3,
208,왕십리(2),0,"1번출구, 2번출구, 3번출구",9-2,
208,왕십리(2),0,"4번출구, 5번출구",7-4,
208,왕십리(2),0,6번출구,2-3,
208,왕십리(2),0,6-1번출구,4-4,
208,왕십리(2),0,7번출구,9-2,
208,왕십리(2),1,"1번출구, 2번출구, 3번출구",2-3,
208,왕십리(2),1,"4번출구, 5번출구",4-1,
208,왕십리(2),1,6번출구,8-4,
208,왕십리(2),1,6-1번출구,7-1,
208,왕십리(2),1,7번출구,2-3,
209,한양대,0,"1번출구, 2번출구",9-1,
209,한양대,0,"1번출구, 2번출구",7-3,
209,한양대,0,"3번출구, 4번출구",4-3,
209,한양대,0,"3번출구, 4번출구",2-4,
209,한양대,1,"1번출구, 2번출구",2-4,
209,한양대,1,"1번출구, 2번출구",4-2,
209,한양대,1,"3번출구, 4번출구",9-1,
209,한양대,1,"3번출구, 4번출구",7-2,
210,뚝섬,0,"1번출구, 2번출구",9-2,
210,뚝섬,0,"1번출구, 2번출구",7-1,
210,뚝섬,0,"3번출구, 4번출구, 5번출구, 6번출구",4-4,
210,뚝섬,0,"3번출구, 4번출구, 5번출구, 6번출구",2-3,
210,뚝섬,0,"7번출구, 8번출구",9-2,
210,뚝섬,0,"7번출구, 8번출구",7-1,
210,뚝섬,1,"1번출구, 2번출구",2-3,
210,뚝섬,1,"1번출구, 2번출구",4-4,
210,뚝섬,1,"3번출구, 4번출구, 5번출구, 6번출구",7-1,
210,뚝섬,1,"3번출구, 4번출구, 5번출구, 6번출구",9-1,
210,뚝섬,1,"7번출구, 8번출구",2-3,
210,뚝섬,1,"7번출구, 8번출구",4-4,
211,성수,0,"1번출구, 4번출구",10-4,
211,성수,0,"2번출구, 3번출구",1-1,
211,성수,1,"1번출구, 2번출구, 3번출구, 4번출구",1-1,
211,성수,1,"1번출구, 2번출구, 3번출구, 4번출구",10-4,
212,건대입구(2),0,"1번출구, 6번출구",6-3,
212,건대입구(2),0,"2번출구, 5번출구",3-2,
212,건대입구(2),0,"3번출구, 4번출구",4-2,
212,건대입구(2),1,"1번출구, 6번출구",5-2,
212,건대입구(2),1,"2번출구, 5번출구",8-3,
212,건대입구(2),1,"3번출구, 4번출구",7-3,
213,구의,0,"1번출구, 4번출구",7-4,
213,구의,0,"2번출구, 3번출구",3-4,
213,구의,1,"1번출구, 4번출구",3-4,
213,구의,1,"2번출구, 3번출구",8-1,
214,강변,0,"1번출구, 4번출구",6-3,
214,강변,0,"2번출구, 3번출구",3-2,
214,강변,1,"1번출구, 4번출구",5-2,
214,강변,1,"2번출구, 3번출구",8-3,
215,잠실나루,0,"1번출구, 4번출구",7-3,
215,잠실나루,0,"2번출구, 3번출구",4-2,
215,잠실나루,1,"1번출구, 4번출구",4-2,
215,잠실나루,1,"2번출구, 3번출구",7-3,
216,잠실(2),0,"1번출구, 2번출구, 2-1번출구, 7번출구, 8번출구, 9번출구, 10번출구, 11번출구",7-3,
216,잠실(2),0,"3번출구, 4번출구, 5번출구, 6번출구",2-3,
216,잠실(2),1,"1번출구, 2번출구, 8번출구, 9번출구, 10번출구, 11번출구",4-1,
216,잠실(2),1,"2-1번출구, 7번출구",5-4,
216,잠실(2),1,"3번출구, 4번출구, 5번출구, 6번출구",9-1,
217,잠실새내,0,"1번출구, 8번출구",8-1,
217,잠실새내,0,"2번출구, 3번출구, 4번출구, 5번출구, 6번출구, 7번출구",3-3,
217,잠실새내,1,"1번출구, 8번출구",3-4,
217,잠실새내,1,"2번출구, 3번출구, 4번출구, 5번출구, 6번출구, 7번출구",8-2,
218,종합운동장(2),0,"1번출구, 2번출구, 8번출구, 9번출구",9-3,
218,종합운동장(2),0,"3번출구, 4번출구, 5번출구",3-4,
218,종합운동장(2),0,"6번출구, 7번출구",7-3,
218,종합운동장(2),1,"1번출구, 2번출구, 8번출구, 9번출구",2-1,
218,종합운동장(2),1,"3번출구, 4번출구, 5번출구",7-4,
218,종합운동장(2),1,"6번출구, 7번출구",4-1,
219,삼성,0,"1번출구, 2번출구, 7번출구, 8번출구",9-2,
219,삼성,0,"3번출구, 4번출구, 5번출구, 6번출구",3-3,
219,삼성,0,5번출구,1-4,
219,삼성,0,5번출구,3-4,
219,삼성,1,"1번출구, 2번출구, 7번출구, 8번출구",2-2,
219,삼성,1,"3번출구, 4번출구, 5번출구, 6번출구",8-1,
219,삼성,1,5번출구,9-4,
219,삼성,1,5번출구,10-1,
220,선릉(2),0,"1번출구, 2번출구, 8번출구, 9번출구, 10번출구",7-2,
220,선릉(2),0,"3번출구, 4번출구, 5번출구, 6번출구, 7번출구",4-3,
220,선릉(2),1,"1번출구, 2번출구, 8번출구, 9번출구, 10번출구",3-1,
220,선릉(2),1,"3번출구, 4번출구, 5번출구, 6번출구, 7번출구",8-4,
221,역삼,0,"1번출구, 2번출구, 5번출구, 6번출구, 7번출구, 8번출구",9-4,
221,역삼,0,"3번출구, 4번출구",3-3,
221,역삼,1,"1번출구, 2번출구, 5번출구, 6번출구, 7번출구, 8번출구",2-1,
221,역삼,1,"3번출구, 4번출구",8-2,
222,강남(2),0,"1번출구, 12번출구",7-3,
222,강남(2),0,"2번출구, 11번출구",4-3,
222,강남(2),0,"3번출구, 4번출구, 5번출구, 6번출구, 7번출구, 8번출구, 9번출구, 10번출구",2-4,
222,강남(2),1,"1번출구, 12번출구",4-2,
222,강남(2),1,"2번출구, 11번출구",7-2,
222,강남(2),1,"3번출구, 4번출구, 5번출구, 6번출구, 7번출구, 8번출구, 9번출구, 10번출구",9-1,
223,교대(2),0,"1번출구, 2번출구, 3번출구, 4번출구",8-2,
223,교대(2),0,"5번출구, 6번출구, 7번출구, 8번출구, 9번출구, 10번출구, 12번출구, 13번출구, 14번출구",4-1,
223,교대(2),1,"1번출구, 2번출구, 3번출구, 4번출구",3-3,
223,교대(2),1,"5번출구, 6번출구, 7번출구, 8번출구, 9번출구, 10번출구, 12번출구, 13번출구, 14번출구",7-4,
224,서초,0,"1번출구, 2번출구, 7번출구, 8번출구",8-1,
224,서초,0,"3번출구, 4번출구, 5번출구, 6번출구",4-1,
224,서초,1,"1번출구, 2번출구, 7번출구, 8번출구",3-3,
224,서초,1,"3번출구, 4번출구, 5번출구, 6번출구",7-4,
225,방배,0,"1번출구, 4번출구",7-2,
225,방배,0,"1번출구, 4번출구",9-1,
225,방배,0,"1번출구, 4번출구",9-2,
225,방배,0,"2번출구, 3번출구",2-1,
225,방배,0,"2번출구, 3번출구",4-1,
225,방배,1,"1번출구, 4번출구",2-3,
225,방배,1,"1번출구, 4번출구",4-3,
225,방배,1,"2번출구, 3번출구",7-4,
225,방배,1,"2번출구, 3번출구",9-3,
225,방배,1,"2번출구, 3번출구",9-4,
226,사당(2),0,"1번출구, 2번출구, 3번출구, 4번출구, 9번출구, 10번출구, 11번출구, 12번출구, 13번출구, 14번출구",8-1,
226,사당(2),0,"5번출구, 6번출구, 7번출구, 8번출구",3-3,
226,사당(2),1,"1번출구, 2번출구, 9번출구, 10번출구, 11번출구, 12번출구, 13번출구, 14번출구",3-3,
226,사당(2),1,"3번출구, 4번출구",5-1,
226,사당(2),1,"3번출구, 4번출구",5-2,
226,사당(2),1,"5번출구, 6번출구, 7번출구, 8번출구",8-1,
227,낙성대,0,"1번출구, 2번출구, 7번출구, 8번출구",7-4,
227,낙성대,0,"3번출구, 4번출구, 5번출구, 6번출구",4-2,
227,낙성대,1,"1번출구, 2번출구, 7번출구, 8번출구",4-1,
227,낙성대,1,"3번출구, 4번출구, 5번출구, 6번출구",7-3,
228,서울대입구,0,"1번출구, 2번출구, 7번출구, 8번출구",6-1,
228,서울대입구,0,"1번출구, 2번출구, 7번출구, 8번출구",7-4,
228,서울대입구,0,"3번출구, 4번출구, 5번출구, 6번출구",2-4,
228,서울대입구,0,"3번출구, 4번출구, 5번출구, 6번출구",3-4,
228,서울대입구,1,"1번출구, 2번출구, 7번출구, 8번출구",3-4,
228,서울대입구,1,"1번출구, 2번출구, 7번출구, 8번출구",5-3,
228,서울대입구,1,"3번출구, 4번출구, 5번출구, 6번출구",7-4,
228,서울대입구,1,"3번출구, 4번출구, 5번출구, 6번출구",9-1,
229,봉천,0,"1번출구, 2번출구, 5번출구, 6번출구",8-4,
229,봉천,0,"3번출구, 4번출구",2-4,
229,봉천,1,"1번출구, 2번출구, 5번출구, 6번출구",2-4,
229,봉천,1,"3번출구, 4번출구",8-4,
230,신림,0,"1번출구, 2번출구, 7번출구",8-1,
230,신림,0,"3번출구, 4번출구, 6번출구",4-2,
230,신림,1,"1번출구, 2번출구, 7번출구",3-4,
230,신림,1,"3번출구, 4번출구, 6번출구",7-3,
231,신대방,0,"1번출구, 4번출구",7-1,
231,신대방,0,"2번출구, 3번출구",3-1,
231,신대방,1,"1번출구, 4번출구",4-3,
231,신대방,1,"2번출구, 3번출구",8-3,
232,구로디지털단지,0,"1번출구, 6번출구",8-4,
232,구로디지털단지,0,"2번출구, 3번출구, 4번출구, 5번출구",3-2,
232,구로디지털단지,1,"1번출구, 6번출구",2-4,
232,구로디지털단지,1,"2번출구, 3번출구, 4번출구, 5번출구",8-2,
233,대림(2),0,"1번출구, 2번출구, 7번출구, 8번출구",9-4,
233,대림(2),0,"1번출구, 2번출구, 7번출구, 8번출구",7-4,
233,대림(2),0,"3번출구, 4번출구, 5번출구, 6번출구",4-2,
233,대림(2),0,"3번출구, 4번출구, 5번출구, 6번출구",2-1,
233,대림(2),1,"1번출구, 2번출구, 7번출구, 8번출구",2-1,
233,대림(2),1,"1번출구, 2번출구, 7번출구, 8번출구",4-2,
233,대림(2),1,"3번출구, 4번출구, 5번출구, 6번출구",9-4,
233,대림(2),1,"3번출구, 4번출구, 5번출구, 6번출구",7-4,
234,신도림(2),0,"1번출구, 5번출구, 6번출구",7-3,
234,신도림(2),0,"1번출구, 5번출구, 6번출구",9-2,
234,신도림(2),0,"1번출구, 5번출구, 6번출구",9-3,
234,신도림(2),0,"2번출구, 3번출구, 4번출구",2-2,
234,신도림(2),0,"2번출구, 3번출구, 4번출구",4-2,
234,신도림(2),1,"1번출구, 4번출구, 5번출구, 6번출구",1-1,
234,신도림(2),1,"1번출구, 5번출구, 6번출구",2-2,
234,신도림(2),1,"1번출구, 5번출구, 6번출구",4-2,
234,신도림(2),1,"2번출구, 3번출구",3-4,
234,신도림(2),1,"2번출구, 3번출구, 4번출구",7-3,
234,신도림(2),1,"2번출구, 3번출구, 4번출구",9-2,
234,신도림(2),1,"2번출구, 3번출구, 4번출구",9-3,
235,문래,0,"1번출구, 5번출구, 6번출구, 7번출구",9-2,
235,문래,0,"1번출구, 5번출구, 6번출구, 7번출구",7-4,
235,문래,0,"2번출구, 3번출구, 4번출구",3-1,
235,문래,0,"2번출구, 3번출구, 4번출구",4-3,
235,문래,1,"1번출구, 5번출구, 6번출구, 7번출구",4-1,
235,문래,1,"1번출구, 5번출구, 6번출구, 7번출구",2-3,
235,문래,1,"2번출구, 3번출구, 4번출구",7-2,
235,문래,1,"2번출구, 3번출구, 4번출구",8-4,
236,영등포구청(2),0,"1번출구, 5번출구, 6번출구, 7번출구",9-3,
236,영등포구청(2),0,2번출구,4-2,
236,영등포구청(2),0,3번출구,2-3,
236,영등포구청(2),1,"1번출구, 5번출구",3-1,
236,영등포구청(2),1,2번출구,7-4,
236,영등포구청(2),1,3번출구,9-3,
236,영등포구청(2),1,"6번출구, 7번출구",2-3,
237,당산(2),0,"1번출구, 2번출구",8-3,
237,당산(2),0,"3번출구, 4번출구, 5번출구, 6번출구",4-4,
237,당산(2),0,"3번출구, 4번출구, 5번출구, 6번출구",3-1,
237,당산(2),0,"7번출구, 8번출구, 9번출구, 10번출구, 11번출구, 12번출구, 13번출구",8-1,
237,당산(2),1,"1번출구, 2번출구",3-1,
237,당산(2),1,"3번출구, 4번출구, 5번출구, 6번출구",7-1,
237,당산(2),1,"3번출구, 4번출구, 5번출구, 6번출구",8-4,
237,당산(2),1,"7번출구, 8번출구, 9번출구, 10번출구, 11번출구, 12번출구, 13번출구",3-4,
238,합정(2),0,"1번출구, 2번출구, 3번출구, 4번출구",4-3,
238,합정(2),0,"5번출구, 6번출구, 7번출구, 8번출구, 9번출구, 10번출구",7-3,
238,합정(2),1,"1번출구, 2번출구, 3번출구, 4번출구",8-4,
238,합정(2),1,"5번출구, 6번출구, 7번출구, 8번출구, 9번출구, 10번출구",4-1,
239,홍대입구(2),0,"1번출구, 9번출구",7-3,
239,홍대입구(2),0,"2번출구, 3번출구, 4번출구, 5번출구, 6번출구, 7번출구",3-2,
239,홍대입구(2),0,"2번출구, 3번출구, 4번출구, 5번출구, 6번출구, 7번출구",5-1,
239,홍대입구(2),0,8번출구,5-1,
239,홍대입구(2),1,"1번출구, 9번출구",4-1,
239,홍대입구(2),1,"2번출구, 3번출구, 4번출구, 5번출구, 6번출구, 7번출구",8-2,
239,홍대입구(2),1,"2번출구, 3번출구, 4번출구, 5번출구, 6번출구, 7번출구",6-4,
239,홍대입구(2),1,8번출구,6-4,
240,신촌,0,"1번출구, 2번출구, 7번출구, 8번출구",6-1,
240,신촌,0,"1번출구, 2번출구, 7번출구, 8번출구",7-4,
240,신촌,0,"3번출구, 4번출구, 5번출구, 6번출구",3-4,
240,신촌,0,"3번출구, 4번출구, 5번출구, 6번출구",5-3,
240,신촌,1,"1번출구, 2번출구, 7번출구, 8번출구",4-1,
240,신촌,1,"1번출구, 2번출구, 7번출구, 8번출구",5-4,
240,신촌,1,"3번출구, 4번출구, 5번출구, 6번출구",6-2,
240,신촌,1,"3번출구, 4번출구, 5번출구, 6번출구",8-1,
241,이대,0,"1번출구, 2번출구, 6번출구",9-2,
241,이대,0,"1번출구, 2번출구, 6번출구",9-3,
241,이대,0,"3번출구, 4번출구, 5번출구",2-2,
241,이대,1,"1번출구, 2번출구, 6번출구",2-2,
241,이대,1,"3번출구, 4번출구, 5번출구",9-2,
241,이대,1,"3번출구, 4번출구, 5번출구",9-3,
242,아현,0,"1번출구, 2번출구, 3번출구, 4번출구",5-1,
242,아현,1,"1번출구, 2번출구, 3번출구, 4번출구",6-4,
243,충정로(2),0,"1번출구, 2번출구, 5번출구, 6번출구",7-2,
243,충정로(2),0,"3번출구, 4번출구",2-1,
243,충정로(2),0,"3번출구, 4번출구",4-1,
243,충정로(2),0,"7번출구, 8번출구, 9번출구, 10번출구",9-1,
243,충정로(2),1,"1번출구, 2번출구, 5번출구, 6번출구",4-3,
243,충정로(2),1,"3번출구, 4번출구",9-4,
243,충정로(2),1,"3번출구, 4번출구",7-4,
243,충정로(2),1,"7번출구, 8번출구, 9번출구, 10번출구",2-4,
211-1,용답,0,"1번출구, 2번출구",3-2,
211-1,용답,1,"1번출구, 2번출구",2-3,
211-2,신답,0,1번출구,3-1,
211-2,신답,1,1번출구,3-1,
211-4,신설동(2),1,"1번출구, 2번출구, 3번출구, 4번출구, 5번출구, 6번출구, 10번출구, 11번출구, 12번출구",1-1,
211-4,신설동(2),1,"7번출구, 8번출구, 9번출구",4-4,
234-1,도림천,0,"1번출구, 2번출구",2-2,
234-1,도림천,1,"1번출구, 2번출구",5-3,
234-2,양천구청,0,"1번출구, 2번출구",5-1,
234-2,양천구청,0,"1번출구, 2번출구",2-3,
234-2,양천구청,1,"1번출구, 2번출구",5-1,
234-2,양천구청,1,"1번출구, 2번출구",2-3,
234-3,신정네거리,0,"2번출구, 3번출구, 4번출구",3-2,
234-3,신정네거리,0,"2번출구, 3번출구, 4번출구",5-1,
234-3,신정네거리,1,"2번출구, 3번출구, 4번출구",4-3,
234-3,신정네거리,1,"2번출구, 3번출구, 4번출구",2-4,
211-3,용두,0,"1번출구, 2번출구, 3번출구",2-2,
211-3,용두,0,"1번출구, 2번출구, 3번출구",2-3,
211-3,용두,0,"4번출구, 5번출구",2-4,
211-3,용두,1,"1번출구, 2번출구, 3번출구, 4번출구",3-1,
211-3,용두,1,"4번출구, 5번출구",3-2,
319,지축,0,1번출구,8-2,
319,지축,0,2번출구,4-2,
319,지축,1,1번출구,3-3,
319,지축,1,2번출구,7-3,
320,구파발,0,"1번출구, 4번출구",1-4,
320,구파발,0,"2번출구, 3번출구",9-3,
320,구파발,1,"1번출구, 4번출구",9-4,
320,구파발,1,"2번출구, 3번출구",2-1,
321,연신내(3),0,"1번출구, 2번출구, 7번출구",1-3,
321,연신내(3),0,"3번출구, 4번출구, 5번출구",9-3,
321,연신내(3),1,"1번출구, 2번출구, 7번출구",10-1,
321,연신내(3),1,"3번출구, 4번출구, 5번출구",2-1,
322,불광(3),0,"1번출구, 4번출구, 5번출구, 6번출구, 7번출구, 8번출구, 9번출구",4-2,
322,불광(3),0,"2번출구, 3번출구",7-2,
322,불광(3),1,"1번출구, 4번출구, 5번출구, 6번출구, 7번출구, 8번출구, 9번출구",7-3,
322,불광(3),1,"2번출구, 3번출구",4-3,
323,녹번,0,"1번출구, 4번출구, 5번출구",3-4,
323,녹번,0,"2번출구, 3번출구",7-2,
323,녹번,1,"1번출구, 4번출구, 5번출구",7-4,
323,녹번,1,"2번출구, 3번출구",4-2,
324,홍제,0,"1번출구, 4번출구",4-4,
324,홍제,0,"2번출구, 3번출구",8-4,
324,홍제,1,"1번출구, 4번출구",7-1,
324,홍제,1,"2번출구, 3번출구",3-1,
325,무악재,0,"1번출구, 4번출구",4-4,
325,무악재,0,"2번출구, 3번출구",7-1,
325,무악재,1,"1번출구, 4번출구",7-1,
325,무악재,1,"2번출구, 3번출구",4-4,
326,독립문,0,"1번출구, 2번출구, 5번출구",4-4,
326,독립문,0,3번출구,7-4,
326,독립문,1,"1번출구, 2번출구, 5번출구",7-1,
326,독립문,1,3번출구,4-1,
327,경복궁,0,"1번출구, 2번출구, 3번출구, 3-1번출구, 7번출구",2-4,
327,경복궁,0,"4번출구, 5번출구, 6번출구",8-3,
327,경복궁,1,"1번출구, 2번출구, 3번출구, 3-1번출구, 7번출구",9-1,
327,경복궁,1,"4번출구, 5번출구, 6번출구",3-2,
328,안국,0,1번출구,4-3,
328,안국,0,"2번출구, 3번출구, 4번출구, 5번출구, 6번출구",7-1,
328,안국,1,1번출구,7-2,
328,안국,1,"2번출구, 3번출구, 4번출구, 5번출구, 6번출구",4-4,
329,종로3가(3),0,"1번출구, 2번출구, 2-1번출구, 9번출구, 10번출구, 11번출구, 12번출구, 13번출구, 14번출구, 15번출구",9-1,
329,종로3가(3),0,"3번출구, 6번출구, 7번출구, 8번출구",4-3,
329,종로3가(3),0,"4번출구, 5번출구",2-3,
329,종로3가(3),1,"1번출구, 2번출구, 2-1번출구, 9번출구, 10번출구, 11번출구, 12번출구, 13번출구, 14번출구, 15번출구",2-4,
329,종로3가(3),1,"3번출구, 6번출구, 7번출구, 8번출구",7-3,
329,종로3가(3),1,"4번출구, 5번출구",9-2,
330,을지로3가(3),0,"1번출구, 2번출구, 7번출구, 8번출구, 9번출구, 10번출구, 11번출구, 12번출구",4-2,
330,을지로3가(3),0,"3번출구, 4번출구, 5번출구, 6번출구",7-1,
330,을지로3가(3),1,"1번출구, 2번출구, 7번출구, 8번출구, 9번출구, 10번출구, 11번출구, 12번출구",7-2,
330,을지로3가(3),1,"3번출구, 4번출구, 5번출구, 6번출구",4-3,
331,충무로(3),0,"1번출구, 2번출구, 3번출구, 4번출구, 6번출구, 7번출구, 8번출구",6-3,
331,충무로(3),0,"1번출구, 2번출구, 3번출구, 4번출구, 6번출구, 7번출구, 8번출구",6-4,
331,충무로(3),1,"1번출구, 2번출구, 3번출구, 4번출구, 6번출구, 7번출구, 8번출구",5-1,
331,충무로(3),1,"1번출구, 2번출구, 3번출구, 4번출구, 6번출구, 7번출구, 8번출구",5-2,
332,동대입구,0,"1번출구, 2번출구, 6번출구",4-2,
332,동대입구,0,"3번출구, 4번출구, 5번출구",9-1,
332,동대입구,1,"1번출구, 2번출구, 6번출구",7-3,
332,동대입구,1,"3번출구, 4번출구, 5번출구",2-4,
333,약수(3),0,"1번출구, 2번출구, 3번출구, 6번출구, 7번출구, 8번출구, 9번출구, 10번출구",3-1,
333,약수(3),0,"4번출구, 5번출구",7-2,
333,약수(3),1,"1번출구, 2번출구, 3번출구, 6번출구, 7번출구, 8번출구, 9번출구, 10번출구",8-4,
333,약수(3),1,"4번출구, 5번출구",4-2,
334,금호,0,"1번출구, 2번출구, 3번출구",4-1,
334,금호,1,"1번출구, 2번출구, 3번출구",7-4,
335,옥수(3),0,"1번출구, 2번출구, 4번출구, 5번출구, 6번출구, 7번출구",4-1,
335,옥수(3),0,3번출구,7-4,
335,옥수(3),1,"1번출구, 2번출구, 4번출구, 5번출구, 6번출구, 7번출구",7-4,
335,옥수(3),1,3번출구,4-1,
336,압구정,0,"1번출구, 2번출구, 5번출구, 6번출구",2-2,
336,압구정,0,"3번출구, 4번출구",9-1,
336,압구정,1,"1번출구, 2번출구, 5번출구, 6번출구",9-2,
336,압구정,1,"3번출구, 4번출구",2-4,
337,신사,0,"1번출구, 8번출구",4-1,
337,신사,0,"2번출구, 3번출구, 4번출구, 5번출구, 6번출구, 7번출구",9-1,
337,신사,1,"1번출구, 8번출구",7-4,
337,신사,1,"2번출구, 3번출구, 4번출구, 5번출구, 6번출구, 7번출구",4-2,
338,잠원,0,"1번출구, 2번출구, 3번출구, 4번출구",7-1,
338,잠원,1,"1번출구, 2번출구, 3번출구, 4번출구",4-3,
339,고속터미널(3),0,"1번출구, 8번출구, 8-1번출구, 8-2번출구",4-3,
339,고속터미널(3),0,"2번출구, 7번출구",7-2,
339,고속터미널(3),0,"3번출구, 4번출구, 5번출구, 6번출구",9-2,
339,고속터미널(3),1,"1번출구, 8번출구, 8-1번출구, 8-2번출구",7-2,
339,고속터미널(3),1,"2번출구, 7번출구",4-3,
339,고속터미널(3),1,"3번출구, 4번출구, 5번출구, 6번출구",2-3,
340,교대(3),0,"1번출구, 2번출구, 3번출구, 4번출구, 5번출구, 6번출구, 7번출구, 8번출구, 9번출구, 10번출구, 12번출구",3-2,
340,교대(3),0,"13번출구, 14번출구",9-4,
340,교대(3),1,"1번출구, 2번출구, 3번출구, 4번출구, 5번출구, 6번출구, 7번출구, 8번출구, 9번출구, 10번출구, 12번출구",8-3,
340,교대(3),1,"13번출구, 14번출구",2-1,
341,남부터미널,0,"1번출구, 2번출구, 6번출구",4-2,
341,남부터미널,0,"3번출구, 4번출구, 5번출구",9-3,
341,남부터미널,1,"1번출구, 2번출구, 6번출구",7-2,
341,남부터미널,1,"3번출구, 4번출구, 5번출구",3-4,
342,양재(3),0,"1번출구, 2번출구, 11번출구, 12번출구",3-4,
342,양재(3),0,"3번출구, 4번출구, 5번출구, 6번출구, 7번출구, 8번출구, 9번출구, 10번출구",8-1,
342,양재(3),1,"1번출구, 2번출구, 11번출구, 12번출구",7-4,
342,양재(3),1,"3번출구, 4번출구, 5번출구, 6번출구, 7번출구, 8번출구, 9번출구, 10번출구",3-3,
343,매봉,0,"1번출구, 2번출구, 3번출구, 4번출구",5-1,
343,매봉,1,"1번출구, 2번출구, 3번출구, 4번출구",6-4,
344,도곡(3),0,"1번출구, 2번출구, 3번출구, 4번출구",4-2,
344,도곡(3),1,"1번출구, 2번출구, 3번출구, 4번출구",7-3,
345,대치,0,"1번출구, 2번출구, 7번출구, 8번출구",1-1,
345,대치,0,"3번출구, 4번출구, 5번출구, 6번출구",10-4,
345,대치,1,"1번출구, 2번출구, 7번출구, 8번출구",10-4,
345,대치,1,"3번출구, 4번출구, 5번출구, 6번출구",1-1,
346,학여울,0,1번출구,5-1,
346,학여울,1,1번출구,6-4,
347,대청,0,"1번출구, 2번출구, 7번출구, 8번출구",3-4,
347,대청,0,"4번출구, 5번출구, 6번출구",6-1,
347,대청,1,"1번출구, 2번출구, 7번출구, 8번출구",8-1,
347,대청,1,"4번출구, 5번출구, 6번출구",5-4,
348,일원,0,"1번출구, 6번출구, 7번출구",5-3,
348,일원,0,"2번출구, 3번출구, 4번출구, 5번출구",7-3,
348,일원,1,"1번출구, 6번출구, 7번출구",6-2,
348,일원,1,"2번출구, 3번출구, 4번출구, 5번출구",4-2,
349,수서(3),0,"1번출구, 1-1번출구, 2번출구, 3번출구, 4번출구, 5번출구, 6번출구",7-2,
349,수서(3),1,"1번출구, 1-1번출구, 2번출구, 3번출구, 4번출구, 5번출구, 6번출구",4-2,
350,가락시장(3),0,"1번출구, 2번출구, 3번출구, 4번출구, 5번출구, 6번출구",4-3,
350,가락시장(3),0,"7번출구, 8번출구",6-4,
350,가락시장(3),1,"1번출구, 2번출구, 3번출구, 4번출구, 5번출구, 6번출구",3-2,
350,가락시장(3),1,"7번출구, 8번출구",1-1,
351,경찰병원,0,"1번출구, 2번출구, 3번출구, 4번출구",2-2,
351,경찰병원,1,"1번출구, 2번출구, 3번출구, 4번출구",9-3,
352,오금(3),1,"1번출구, 2번출구, 3번출구, 4번출구, 5번출구, 6번출구, 7번출구",7-2,
409,당고개,0,"1번출구, 4번출구",4-3,
409,당고개,0,"2번출구, 3번출구",7-2,
410,상계,0,"1번출구, 3번출구",4-1,
410,상계,0,"2번출구, 4번출구",7-4,
410,상계,1,"1번출구, 3번출구",7-4,
410,상계,1,"2번출구, 4번출구",4-1,
411,노원(4),0,"1번출구, 10번출구",4-1,
411,노원(4),0,"2번출구, 9번출구",7-4,
411,노원(4),0,"3번출구, 4번출구, 5번출구, 6번출구, 7번출구, 8번출구",10-4,
411,노원(4),1,"1번출구, 10번출구",7-4,
411,노원(4),1,"2번출구, 9번출구",4-1,
411,노원(4),1,"3번출구, 4번출구, 5번출구, 6번출구, 7번출구, 8번출구",1-1,
412,창동(4),0,1번출구,3-4,
412,창동(4),0,2번출구,9-2,
412,창동(4),1,1번출구,8-1,
412,창동(4),1,2번출구,2-2,
413,쌍문,0,"1번출구, 4번출구",4-3,
413,쌍문,0,"2번출구, 3번출구",7-2,
413,쌍문,1,"1번출구, 4번출구",7-2,
413,쌍문,1,"2번출구, 3번출구",4-3,
414,수유,0,"1번출구, 2번출구, 7번출구, 8번출구",2-4,
414,수유,0,"3번출구, 4번출구, 5번출구, 6번출구",9-1,
414,수유,1,"1번출구, 2번출구, 7번출구, 8번출구",9-1,
414,수유,1,"3번출구, 4번출구, 5번출구, 6번출구",2-4,
415,미아,0,"1번출구, 2번출구, 7번출구, 8번출구",3-1,
415,미아,0,"3번출구, 4번출구, 5번출구, 6번출구",8-2,
415,미아,1,"1번출구, 2번출구, 7번출구, 8번출구",8-4,
415,미아,1,"3번출구, 4번출구, 5번출구, 6번출구",3-3,
416,미아사거리,0,1번출구,2-3,
416,미아사거리,0,"3번출구, 4번출구, 5번출구",9-2,
416,미아사거리,1,1번출구,9-2,
416,미아사거리,1,"3번출구, 4번출구, 5번출구",2-3,
417,길음,0,"1번출구, 2번출구, 3번출구, 4번출구",9-3,
417,길음,0,"5번출구, 6번출구, 7번출구, 8번출구, 9번출구, 10번출구",2-2,
417,길음,1,"1번출구, 2번출구, 3번출구, 4번출구",2-2,
417,길음,1,"5번출구, 6번출구, 7번출구, 8번출구, 9번출구, 10번출구",9-3,
418,성신여대입구(4),0,"1번출구, 6번출구, 7번출구",4-3,
418,성신여대입구(4),0,"3번출구, 4번출구, 5번출구",7-2,
418,성신여대입구(4),1,"1번출구, 6번출구, 7번출구",7-2,
418,성신여대입구(4),1,"3번출구, 4번출구, 5번출구",4-3,
419,한성대입구,0,"1번출구, 2번출구, 6번출구, 7번출구",2-4,
419,한성대입구,0,"3번출구, 4번출구, 5번출구",9-1,
419,한성대입구,1,"1번출구, 2번출구, 6번출구, 7번출구",9-1,
419,한성대입구,1,"3번출구, 4번출구, 5번출구",2-4,
420,혜화,0,"1번출구, 4번출구",2-4,
420,혜화,0,"2번출구, 3번출구",8-4,
420,혜화,1,"1번출구, 4번출구",8-4,
420,혜화,1,"2번출구, 3번출구",2-4,
421,동대문(4),0,"1번출구, 2번출구, 3번출구, 4번출구, 5번출구, 6번출구, 9번출구, 10번출구",3-4,
421,동대문(4),0,"7번출구, 8번출구",8-1,
421,동대문(4),1,"1번출구, 2번출구, 3번출구, 4번출구, 5번출구, 6번출구, 9번출구, 10번출구",7-4,
421,동대문(4),1,"7번출구, 8번출구",3-3,
422,동대문역사문화공원(4),0,"1번출구, 11번출구, 12번출구, 13번출구, 14번출구",3-1,
422,동대문역사문화공원(4),0,"2번출구, 3번출구",1-1,
422,동대문역사문화공원(4),0,"4번출구, 5번출구, 6번출구, 7번출구, 8번출구",9-2,
422,동대문역사문화공원(4),0,"9번출구, 10번출구",6-3,
422,동대문역사문화공원(4),1,"1번출구, 11번출구, 12번출구, 13번출구, 14번출구",8-3,
422,동대문역사문화공원(4),1,"2번출구, 3번출구",10-4,
422,동대문역사문화공원(4),1,"4번출구, 5번출구, 6번출구, 7번출구, 8번출구",2-3,
422,동대문역사문화공원(4),1,"9번출구, 10번출구",5-2,
423,충무로(4),0,"1번출구, 2번출구, 8번출구",4-1,
423,충무로(4),0,"3번출구, 4번출구, 6번출구, 7번출구",6-3,
423,충무로(4),1,"1번출구, 2번출구, 8번출구",7-3,
423,충무로(4),1,"3번출구, 4번출구, 6번출구, 7번출구",5-2,
424,명동,0,"1번출구, 9번출구, 10번출구",1-1,
424,명동,0,"2번출구, 3번출구, 4번출구, 5번출구, 6번출구, 7번출구, 8번출구",10-4,
424,명동,1,"1번출구, 9번출구, 10번출구",10-4,
424,명동,1,"2번출구, 3번출구, 4번출구, 5번출구, 6번출구, 7번출구, 8번출구",1-1,
425,회현,0,"1번출구, 2번출구, 6번출구, 7번출구",1-1,
425,회현,0,"3번출구, 4번출구, 5번출구",9-4,
425,회현,1,"1번출구, 2번출구, 6번출구, 7번출구",10-4,
425,회현,1,"3번출구, 4번출구, 5번출구",1-4,
426,서울역(4),0,"1번출구, 2번출구, 3번출구, 4번출구, 5번출구, 6번출구, 7번출구, 8번출구, 9번출구, 9-1번출구, 10번출구, 15번출구",3-3,
426,서울역(4),0,"11번출구, 12번출구, 13번출구, 14번출구",9-3,
426,서울역(4),1,"1번출구, 2번출구, 3번출구, 4번출구, 5번출구, 6번출구, 7번출구, 8번출구, 9번출구, 9-1번출구, 10번출구, 15번출구",8-1,
426,서울역(4),1,"11번출구, 12번출구, 13번출구, 14번출구",2-1,
427,숙대입구,0,"1번출구, 2번출구, 3번출구, 4번출구, 9번출구, 10번출구",3-1,
427,숙대입구,0,"5번출구, 6번출구, 7번출구, 8번출구",8-4,
427,숙대입구,1,"1번출구, 2번출구, 3번출구, 4번출구, 9번출구, 10번출구",8-4,
427,숙대입구,1,"5번출구, 6번출구, 7번출구, 8번출구",2-4,
428,삼각지(4),0,"1번출구, 2번출구, 5번출구, 6번출구",2-1,
428,삼각지(4),0,"3번출구, 4번출구",9-1,
428,삼각지(4),0,"7번출구, 8번출구, 9번출구, 10번출구, 11번출구, 12번출구, 13번출구, 14번출구",1-1,
428,삼각지(4),1,"1번출구, 2번출구, 5번출구, 6번출구",9-3,
428,삼각지(4),1,"3번출구, 4번출구",2-4,
428,삼각지(4),1,"7번출구, 8번출구, 9번출구, 10번출구, 11번출구, 12번출구, 13번출구, 14번출구",10-4,
429,신용산,0,"1번출구, 5번출구, 6번출구",4-3,
429,신용산,0,"2번출구, 3번출구, 4번출구",9-1,
429,신용산,1,"1번출구, 5번출구, 6번출구",8-4,
429,신용산,1,"2번출구, 3번출구, 4번출구",4-2,
430,이촌(4),0,"1번출구, 4번출구, 5번출구",2-4,
430,이촌(4),0,"2번출구, 3번출구, 3-1번출구",8-4,
430,이촌(4),1,"1번출구, 4번출구, 5번출구",9-1,
430,이촌(4),1,"2번출구, 3번출구, 3-1번출구",2-4,
431,동작(4),0,"1번출구, 2번출구",3-1,
431,동작(4),0,"1번출구, 2번출구",5-1,
431,동작(4),0,"3번출구, 4번출구, 5번출구, 6번출구, 7번출구, 8번출구, 9번출구",6-3,
431,동작(4),0,"3번출구, 4번출구, 5번출구, 6번출구, 7번출구, 8번출구, 9번출구",8-4,
431,동작(4),1,"1번출구, 2번출구",6-3,
431,동작(4),1,"1번출구, 2번출구",8-4,
431,동작(4),1,"3번출구, 4번출구, 5번출구, 6번출구, 7번출구, 8번출구, 9번출구",3-1,
431,동작(4),1,"3번출구, 4번출구, 5번출구, 6번출구, 7번출구, 8번출구, 9번출구",5-3,
432,총신대입구(4),0,"1번출구, 14번출구",4-1,
432,총신대입구(4),0,"2번출구, 13번출구",7-3,
432,총신대입구(4),0,"2번출구, 13번출구",9-2,
432,총신대입구(4),0,"3번출구, 4번출구, 5번출구, 6번출구, 7번출구, 8번출구, 9번출구, 10번출구, 11번출구, 12번출구",10-2,
432,총신대입구(4),0,"3번출구, 4번출구, 5번출구, 6번출구, 7번출구, 8번출구, 9번출구, 10번출구, 11번출구, 12번출구",10-3,
432,총신대입구(4),1,"1번출구, 14번출구",7-3,
432,총신대입구(4),1,"2번출구, 13번출구",2-3,
432,총신대입구(4),1,"2번출구, 13번출구",4-2,
432,총신대입구(4),1,"3번출구, 4번출구, 5번출구, 6번출구, 7번출구, 8번출구, 9번출구, 10번출구, 11번출구, 12번출구",1-1,
433,사당(4),0,"1번출구, 2번출구, 5번출구, 6번출구, 7번출구, 8번출구, 13번출구, 14번출구",6-3,
433,사당(4),0,"3번출구, 4번출구",10-4,
433,사당(4),0,"9번출구, 10번출구, 11번출구, 12번출구",4-2,
433,사당(4),1,"1번출구, 2번출구, 5번출구, 6번출구, 7번출구, 8번출구, 13번출구, 14번출구",5-2,
433,사당(4),1,"3번출구, 4번출구",1-1,
433,사당(4),1,"9번출구, 10번출구, 11번출구, 12번출구",7-3,
434,남태령,0,"1번출구, 3번출구, 4번출구",3-3,
434,남태령,1,"1번출구, 3번출구, 4번출구",3-2,
510,방화,0,"1번출구, 2번출구, 3번출구, 4번출구",5-4,
511,개화산,0,"1번출구, 2번출구",6-3,
511,개화산,1,"1번출구, 2번출구",3-2,
512,김포공항(5),0,"1번출구, 4번출구",5-4,
512,김포공항(5),0,"2번출구, 3번출구",3-4,
512,김포공항(5),1,"1번출구, 4번출구",3-4,
512,김포공항(5),1,"2번출구, 3번출구",5-4,
513,송정,0,"1번출구, 2번출구, 3번출구, 4번출구",4-1,
513,송정,1,"1번출구, 2번출구, 3번출구, 4번출구",5-4,
514,마곡,0,"1번출구, 2번출구, 3번출구, 4번출구, 5번출구, 6번출구, 7번출구",5-4,
514,마곡,1,"1번출구, 2번출구, 3번출구, 4번출구, 5번출구, 6번출구, 7번출구",4-1,
515,발산,0,"1번출구, 9번출구",4-1,
515,발산,0,"2번출구, 3번출구, 4번출구, 5번출구, 6번출구, 7번출구, 8번출구",6-1,
515,발산,1,"1번출구, 9번출구",5-4,
515,발산,1,"2번출구, 3번출구, 4번출구, 5번출구, 6번출구, 7번출구, 8번출구",3-4,
516,우장산,0,"1번출구, 2번출구, 3번출구, 4번출구",5-2,
516,우장산,1,"1번출구, 2번출구, 3번출구, 4번출구",4-3,
517,화곡,0,"1번출구, 2번출구, 7번출구, 8번출구",1-1,
517,화곡,0,"3번출구, 4번출구, 5번출구, 6번출구",4-3,
517,화곡,1,"1번출구, 2번출구, 7번출구, 8번출구",8-4,
517,화곡,1,"3번출구, 4번출구, 5번출구, 6번출구",5-2,
518,까치산(5),0,"1번출구, 2번출구, 3번출구, 4번출구",2-3,
518,까치산(5),1,"1번출구, 2번출구, 3번출구, 4번출구",7-2,
519,신정,0,"1번출구, 4번출구, 5번출구",1-1,
519,신정,0,"2번출구, 3번출구",8-4,
519,신정,1,"1번출구, 4번출구, 5번출구",8-4,
519,신정,1,"2번출구, 3번출구",1-1,
520,목동,0,"1번출구, 2번출구, 3번출구, 4번출구, 5번출구, 6번출구, 7번출구, 8번출구",4-1,
520,목동,1,"1번출구, 2번출구, 3번출구, 4번출구, 5번출구, 6번출구, 7번출구, 8번출구",5-4,
521,오목교,0,"1번출구, 2번출구, 3번출구, 4번출구, 6번출구, 7번출구, 8번출구",6-3,
521,오목교,1,"1번출구, 2번출구, 3번출구, 4번출구, 6번출구, 7번출구, 8번출구",3-2,
522,양평(5),0,"1번출구, 2번출구",2-3,
522,양평(5),1,"1번출구, 2번출구",7-1,
523,영등포구청(5),0,"1번출구, 2번출구, 3번출구, 5번출구",7-2,
523,영등포구청(5),0,"6번출구, 7번출구",4-4,
523,영등포구청(5),1,"1번출구, 2번출구, 3번출구, 5번출구",2-3,
523,영등포구청(5),1,"6번출구, 7번출구",5-1,
524,영등포시장,0,"1번출구, 2번출구, 3번출구, 4번출구",5-1,
524,영등포시장,1,"1번출구, 2번출구, 3번출구, 4번출구",4-3,
525,신길(5),0,"1번출구, 2번출구",7-2,
525,신길(5),0,3번출구,4-3,
525,신길(5),1,"1번출구, 2번출구",2-1,
525,신길(5),1,3번출구,5-2,
526,여의도(5),0,"1번출구, 2번출구, 6번출구",2-1,
526,여의도(5),0,"3번출구, 4번출구, 5번출구",7-4,
526,여의도(5),1,"1번출구, 2번출구, 6번출구",7-4,
526,여의도(5),1,"3번출구, 4번출구, 5번출구",2-1,
527,여의나루,0,"1번출구, 2번출구, 3번출구, 4번출구",7-3,
527,여의나루,1,"1번출구, 2번출구, 3번출구, 4번출구",2-1,
528,마포,0,"1번출구, 2번출구, 3번출구, 4번출구",3-4,
528,마포,1,"1번출구, 2번출구, 3번출구, 4번출구",5-4,
529,공덕(5),0,"1번출구, 2번출구, 3번출구, 4번출구, 5번출구, 6번출구, 7번출구, 8번출구",3-2,
529,공덕(5),0,"1번출구, 2번출구, 3번출구, 4번출구, 5번출구, 6번출구, 7번출구, 8번출구",5-2,
529,공덕(5),0,"9번출구, 10번출구",1-1,
529,공덕(5),1,"1번출구, 2번출구, 3번출구, 4번출구, 5번출구, 6번출구, 7번출구, 8번출구",4-2,
529,공덕(5),1,"1번출구, 2번출구, 3번출구, 4번출구, 5번출구, 6번출구, 7번출구, 8번출구",6-2,
529,공덕(5),1,"9번출구, 10번출구",8-4,
530,애오개,0,"1번출구, 2번출구, 3번출구, 4번출구",5-4,
530,애오개,1,"1번출구, 2번출구, 3번출구, 4번출구",3-4,
531,충정로(5),0,"1번출구, 2번출구, 3번출구, 4번출구, 5번출구, 6번출구, 7번출구, 8번출구, 9번출구, 10번출구",4-1,
531,충정로(5),1,"1번출구, 2번출구, 3번출구, 4번출구, 5번출구, 6번출구, 7번출구, 8번출구, 9번출구, 10번출구",5-3,
532,서대문,0,"1번출구, 2번출구, 7번출구, 8번출구",3-2,
532,서대문,0,"3번출구, 4번출구, 5번출구, 6번출구",6-2,
532,서대문,1,"1번출구, 2번출구, 7번출구, 8번출구",6-2,
532,서대문,1,"3번출구, 4번출구, 5번출구, 6번출구",3-3,
533,광화문,0,"1번출구, 8번출구",1-1,
533,광화문,0,"2번출구, 3번출구, 4번출구, 5번출구, 6번출구, 7번출구, 9번출구",8-4,
533,광화문,1,"1번출구, 8번출구",8-4,
533,광화문,1,"2번출구, 3번출구, 4번출구, 5번출구, 6번출구, 7번출구, 9번출구",1-1,
534,종로3가(5),0,"1번출구, 2번출구, 2-1번출구, 3번출구, 6번출구, 7번출구, 8번출구, 9번출구, 10번출구, 11번출구, 12번출구, 13번출구, 14번출구, 15번출구",8-4,
534,종로3가(5),0,"4번출구, 5번출구",1-1,
534,종로3가(5),1,"1번출구, 2번출구, 2-1번출구, 3번출구, 6번출구, 7번출구, 8번출구, 9번출구, 10번출구, 11번출구, 12번출구, 13번출구, 14번출구, 15번출구",1-1,
534,종로3가(5),1,"4번출구, 5번출구",8-4,
535,을지로4가(5),0,"1번출구, 2번출구, 3번출구, 4번출구, 5번출구, 6번출구, 7번출구, 8번출구, 9번출구, 10번출구",5-3,
535,을지로4가(5),1,"1번출구, 2번출구, 3번출구, 4번출구, 5번출구, 6번출구, 7번출구, 8번출구, 9번출구, 10번출구",4-2,
536,동대문역사문화공원(5),0,"1번출구, 2번출구, 3번출구, 4번출구, 5번출구, 8번출구, 9번출구, 10번출구, 11번출구, 12번출구, 13번출구, 14번출구",8-4,
536,동대문역사문화공원(5),0,"6번출구, 7번출구",1-1,
536,동대문역사문화공원(5),1,"1번출구, 2번출구, 3번출구, 4번출구, 5번출구, 8번출구, 9번출구, 10번출구, 11번출구, 12번출구, 13번출구, 14번출구",1-1,
536,동대문역사문화공원(5),1,"6번출구, 7번출구",8-4,
537,청구(5),0,1번출구,2-4,
537,청구(5),0,"2번출구, 3번출구",5-1,
537,청구(5),1,1번출구,6-4,
537,청구(5),1,"2번출구, 3번출구",4-3,
538,신금호,0,"1번출구, 3번출구, 5번출구",5-3,
538,신금호,1,"1번출구, 3번출구, 5번출구",4-1,
539,행당,0,"1번출구, 2번출구, 3번출구, 4번출구",5-4,
539,행당,1,"1번출구, 2번출구, 3번출구, 4번출구",4-2,
540,왕십리(5),0,"1번출구, 2번출구, 3번출구, 4번출구, 5번출구, 6-1번출구, 7번출구, 8번출구, 9번출구, 10번출구, 11번출구, 12번출구, 13번출구",4-2,
540,왕십리(5),0,6번출구,2-3,
540,왕십리(5),1,"1번출구, 2번출구, 3번출구, 4번출구, 5번출구, 6-1번출구, 7번출구, 8번출구, 9번출구, 10번출구, 11번출구, 12번출구, 13번출구",5-3,
540,왕십리(5),1,6번출구,7-2,
541,마장,0,"1번출구, 2번출구, 3번출구, 4번출구",3-4,
541,마장,1,"1번출구, 2번출구, 3번출구, 4번출구",6-1,
542,답십리,0,"1번출구, 2번출구, 7번출구, 8번출구",4-1,
542,답십리,0,"3번출구, 4번출구, 5번출구, 6번출구",5-4,
542,답십리,1,"1번출구, 2번출구, 7번출구, 8번출구",5-4,
542,답십리,1,"3번출구, 4번출구, 5번출구, 6번출구",4-1,
543,장한평,0,"1번출구, 2번출구, 3번출구, 4번출구, 5번출구, 6번출구, 7번출구, 8번출구",5-3,
543,장한평,1,"1번출구, 2번출구, 3번출구, 4번출구, 5번출구, 6번출구, 7번출구, 8번출구",4-1,
544,군자(5),0,"1번출구, 2번출구, 7번출구, 8번출구",1-1,
544,군자(5),0,"3번출구, 4번출구, 5번출구, 6번출구",8-4,
544,군자(5),1,"1번출구, 2번출구, 7번출구, 8번출구",8-4,
544,군자(5),1,"3번출구, 4번출구, 5번출구, 6번출구",1-1,
545,아차산,0,"1번출구, 2번출구, 3번출구, 4번출구, 5번출구",5-3,
545,아차산,1,"1번출구, 2번출구, 3번출구, 4번출구, 5번출구",4-2,
546,광나루,0,"1번출구, 2번출구, 3번출구, 4번출구",6-2,
546,광나루,1,"1번출구, 2번출구, 3번출구, 4번출구",3-3,
547,천호(5),0,"1번출구, 2번출구, 3번출구, 4번출구, 5번출구, 6번출구, 7번출구, 8번출구, 9번출구, 10번출구",5-1,
547,천호(5),1,"1번출구, 2번출구, 3번출구, 4번출구, 5번출구, 6번출구, 7번출구, 8번출구, 9번출구, 10번출구",4-4,
548,강동,0,"1번출구, 4번출구",1-1,
548,강동,0,"2번출구, 3번출구",8-4,
548,강동,1,"1번출구, 4번출구",8-4,
548,강동,1,"2번출구, 3번출구",1-1,
549,길동,0,"1번출구, 2번출구, 3번출구",4-2,
549,길동,1,"1번출구, 2번출구, 3번출구",5-3,
550,굽은다리,0,"1번출구, 2번출구, 3번출구, 4번출구",5-4,
550,굽은다리,1,"1번출구, 2번출구, 3번출구, 4번출구",4-1,
551,명일,0,"1번출구, 2번출구, 3번출구, 4번출구",4-1,
551,명일,1,"1번출구, 2번출구, 3번출구, 4번출구",5-4,
552,고덕,0,"1번출구, 2번출구, 3번출구, 4번출구, 5번출구",5-2,
552,고덕,1,"1번출구, 2번출구, 3번출구, 4번출구, 5번출구",4-3,
553,상일동,1,"1번출구, 8번출구",8-4,
553,상일동,1,"4번출구, 5번출구",1-1,
P549,둔촌동,0,"1번출구, 2번출구, 3번출구, 4번출구",4-1,
P549,둔촌동,1,"1번출구, 2번출구, 3번출구, 4번출구",5-4,
P550,올림픽공원(5),0,"1번출구, 2번출구, 3번출구, 4번출구",4-1,
P550,올림픽공원(5),1,"1번출구, 2번출구, 3번출구, 4번출구",5-4,
P551,방이,0,"1번출구, 2번출구, 3번출구, 4번출구",5-4,
P551,방이,1,"1번출구, 2번출구, 3번출구, 4번출구",4-1,
P552,오금(5),0,"1번출구, 2번출구, 3번출구, 4번출구, 5번출구, 6번출구, 7번출구",5-4,
P552,오금(5),1,"1번출구, 2번출구, 3번출구, 4번출구, 5번출구, 6번출구, 7번출구",4-1,
P553,개롱,0,"1번출구, 2번출구, 3번출구, 4번출구",4-1,
P553,개롱,1,"1번출구, 2번출구, 3번출구, 4번출구",5-4,
P554,거여,0,"1번출구, 2번출구, 3번출구, 4번출구, 7번출구, 8번출구",5-4,
P554,거여,1,"1번출구, 2번출구, 3번출구, 4번출구, 7번출구, 8번출구",4-1,
P555,마천,1,"1번출구, 2번출구",4-1,
554,강일,0,"1번출구, 3번출구, 4번출구",2-3,
554,강일,0,"1번출구, 3번출구, 4번출구",7-2,
554,강일,1,"1번출구, 3번출구, 4번출구",2-3,
554,강일,1,"1번출구, 3번출구, 4번출구",7-2,
555,미사,0,"1번출구, 2번출구, 3번출구, 4번출구, 5번출구, 6번출구, 7번출구, 8번출구, 9번출구, 10번출구",3-3,
555,미사,0,"1번출구, 2번출구, 3번출구, 4번출구, 5번출구, 6번출구, 7번출구, 8번출구, 9번출구, 10번출구",6-1,
555,미사,1,"1번출구, 2번출구, 3번출구, 4번출구, 5번출구, 6번출구, 7번출구, 8번출구, 9번출구, 10번출구",3-3,
555,미사,1,"1번출구, 2번출구, 3번출구, 4번출구, 5번출구, 6번출구, 7번출구, 8번출구, 9번출구, 10번출구",6-2,
556,하남풍산,0,"1번출구, 2번출구, 3번출구, 4번출구, 5번출구, 6번출구, 7번출구, 8번출구",3-3,
556,하남풍산,0,"1번출구, 2번출구, 3번출구, 4번출구, 5번출구, 6번출구, 7번출구, 8번출구",6-1,
556,하남풍산,1,"1번출구, 2번출구, 3번출구, 4번출구, 5번출구, 6번출구, 7번출구, 8번출구",3-4,
556,하남풍산,1,"1번출구, 2번출구, 3번출구, 4번출구, 5번출구, 6번출구, 7번출구, 8번출구",6-2,
557,하남시청,0,"1번출구, 2번출구, 3번출구, 4번출구, 5번출구, 6번출구",3-3,
557,하남시청,0,"1번출구, 2번출구, 3번출구, 4번출구, 5번출구, 6번출구",6-2,
557,하남시청,1,"1번출구, 2번출구, 3번출구, 4번출구, 5번출구, 6번출구",3-3,
557,하남시청,1,"1번출구, 2번출구, 3번출구, 4번출구, 5번출구, 6번출구",6-3,
558,하남검단산,1,"1번출구, 2번출구, 4번출구",7-1,
558,하남검단산,1,3번출구,6-2,
610,응암,0,"1번출구, 2번출구, 3번출구, 4번출구",4-3,
610,응암,1,"1번출구, 2번출구, 3번출구, 4번출구",5-2,
611,역촌,1,"1번출구, 2번출구, 3번출구, 4번출구",4-2,
612,불광(6),1,"1번출구, 2번출구, 3번출구, 4번출구, 5번출구, 8번출구, 9번출구",2-3,
612,불광(6),1,"6번출구, 7번출구",7-2,
613,독바위,1,1번출구,3-2,
614,연신내(6),1,"1번출구, 2번출구, 3번출구, 4번출구, 5번출구, 7번출구",6-2,
615,구산,1,"1번출구, 2번출구, 4번출구",5-4,
616,새절,0,"1번출구, 2번출구, 3번출구, 4번출구",3-4,
616,새절,1,"1번출구, 2번출구, 3번출구, 4번출구",5-4,
617,증산,0,"1번출구, 2번출구, 3번출구, 4번출구",4-1,
617,증산,1,"1번출구, 2번출구, 3번출구, 4번출구",5-3,
618,디지털미디어시티(6),0,"1번출구, 4번출구, 5번출구",1-1,
618,디지털미디어시티(6),0,"2번출구, 3번출구, 7번출구, 8번출구, 9번출구",8-4,
618,디지털미디어시티(6),0,6번출구,2-2,
618,디지털미디어시티(6),1,"1번출구, 4번출구, 5번출구",8-4,
618,디지털미디어시티(6),1,"2번출구, 3번출구, 7번출구, 8번출구, 9번출구",1-1,
618,디지털미디어시티(6),1,6번출구,7-2,
619,월드컵경기장(6),0,1번출구,8-4,
619,월드컵경기장(6),0,2번출구,3-4,
619,월드컵경기장(6),0,3번출구,1-1,
619,월드컵경기장(6),1,1번출구,1-1,
619,월드컵경기장(6),1,2번출구,5-4,
619,월드컵경기장(6),1,3번출구,8-4,
620,마포구청,0,"1번출구, 2번출구, 8번출구",2-1,
620,마포구청,0,"3번출구, 4번출구, 5번출구, 6번출구, 7번출구",8-1,
620,마포구청,1,"1번출구, 2번출구, 8번출구",7-3,
620,마포구청,1,"3번출구, 4번출구, 5번출구, 6번출구, 7번출구",1-3,
621,망원,0,"1번출구, 2번출구",5-2,
621,망원,1,"1번출구, 2번출구",4-3,
622,합정(6),0,"1번출구, 2번출구, 3번출구, 4번출구, 5번출구, 6번출구, 7번출구, 8번출구, 9번출구, 10번출구",3-3,
622,합정(6),1,"1번출구, 2번출구, 3번출구, 4번출구, 5번출구, 6번출구, 7번출구, 8번출구, 9번출구, 10번출구",6-2,
623,상수,0,"1번출구, 2번출구, 3번출구, 4번출구",3-3,
623,상수,1,"1번출구, 2번출구, 3번출구, 4번출구",6-1,
624,광흥창,0,"1번출구, 2번출구, 5번출구, 6번출구",1-1,
624,광흥창,0,"3번출구, 4번출구",8-4,
624,광흥창,1,"1번출구, 2번출구, 5번출구, 6번출구",8-4,
624,광흥창,1,"3번출구, 4번출구",1-1,
625,대흥,0,"1번출구, 2번출구, 3번출구, 4번출구",3-4,
625,대흥,1,"1번출구, 2번출구, 3번출구, 4번출구",5-4,
626,공덕(6),0,"1번출구, 2번출구, 3번출구, 4번출구, 5번출구, 6번출구, 7번출구, 8번출구",3-3,
626,공덕(6),0,"1번출구, 2번출구, 3번출구, 4번출구, 5번출구, 6번출구, 7번출구, 8번출구",6-1,
626,공덕(6),0,"9번출구, 10번출구",1-1,
626,공덕(6),1,"1번출구, 2번출구, 3번출구, 4번출구, 5번출구, 6번출구, 7번출구, 8번출구",3-4,
626,공덕(6),1,"1번출구, 2번출구, 3번출구, 4번출구, 5번출구, 6번출구, 7번출구, 8번출구",6-1,
626,공덕(6),1,"1번출구, 2번출구, 3번출구, 4번출구, 5번출구, 6번출구, 7번출구, 8번출구",6-2,
626,공덕(6),1,"9번출구, 10번출구",8-4,
627,효창공원앞(6),0,"1번출구, 2번출구, 3번출구, 4번출구, 5번출구, 6번출구",6-4,
627,효창공원앞(6),1,"1번출구, 2번출구, 3번출구, 4번출구, 5번출구, 6번출구",3-1,
628,삼각지(6),0,"1번출구, 2번출구, 3번출구, 4번출구, 5번출구, 6번출구",6-4,
628,삼각지(6),0,"7번출구, 8번출구, 9번출구, 10번출구",1-4,
628,삼각지(6),0,"11번출구, 12번출구, 13번출구, 14번출구",8-4,
628,삼각지(6),1,"1번출구, 2번출구, 3번출구, 4번출구, 5번출구, 6번출구",3-1,
628,삼각지(6),1,"7번출구, 8번출구, 9번출구, 10번출구",7-4,
628,삼각지(6),1,"11번출구, 12번출구, 13번출구, 14번출구",1-1,
629,녹사평,0,"1번출구, 2번출구, 3번출구, 4번출구",6-1,
629,녹사평,1,"1번출구, 2번출구, 3번출구, 4번출구",3-4,
630,이태원,0,"1번출구, 2번출구, 3번출구, 4번출구",3-3,
630,이태원,1,"1번출구, 2번출구, 3번출구, 4번출구",6-1,
631,한강진,0,"1번출구, 3번출구",4-2,
631,한강진,1,"1번출구, 3번출구",5-2,
632,버티고개,0,"1번출구, 2번출구, 3번출구",6-1,
632,버티고개,1,"1번출구, 2번출구, 3번출구",3-4,
633,약수(6),0,"1번출구, 2번출구, 3번출구, 4번출구, 5번출구, 6번출구",8-4,
633,약수(6),0,"7번출구, 8번출구",5-4,
633,약수(6),0,"9번출구, 10번출구",3-4,
633,약수(6),1,"1번출구, 2번출구, 3번출구, 4번출구, 5번출구, 6번출구, 9번출구, 10번출구",1-1,
633,약수(6),1,"7번출구, 8번출구",4-1,
634,청구(6),0,"1번출구, 2번출구, 3번출구",6-1,
634,청구(6),1,"1번출구, 2번출구, 3번출구",6-1,
635,신당(6),0,"1번출구, 2번출구, 3번출구, 4번출구",8-4,
635,신당(6),0,"5번출구, 6번출구, 7번출구, 8번출구, 9번출구, 10번출구, 11번출구, 11-1번출구, 12번출구",3-4,
635,신당(6),0,"5번출구, 6번출구, 7번출구, 8번출구, 9번출구, 10번출구, 11번출구, 11-1번출구, 12번출구",7-3,
635,신당(6),1,"1번출구, 2번출구, 3번출구, 4번출구",1-1,
635,신당(6),1,"5번출구, 6번출구, 7번출구, 8번출구, 9번출구, 10번출구, 11번출구, 11-1번출구, 12번출구",2-2,
635,신당(6),1,"5번출구, 6번출구, 7번출구, 8번출구, 9번출구, 10번출구, 11번출구, 11-1번출구, 12번출구",6-1,
636,동묘앞(6),0,"1번출구, 8번출구, 9번출구, 10번출구",8-4,
636,동묘앞(6),0,"2번출구, 3번출구",7-3,
636,동묘앞(6),0,"4번출구, 5번출구, 6번출구, 7번출구",4-3,
636,동묘앞(6),1,"1번출구, 8번출구, 9번출구, 10번출구",1-1,
636,동묘앞(6),1,"2번출구, 3번출구",2-3,
636,동묘앞(6),1,"4번출구, 5번출구, 6번출구, 7번출구",5-2,
637,창신,0,"1번출구, 2번출구, 3번출구, 4번출구",4-3,
637,창신,1,"1번출구, 2번출구, 3번출구, 4번출구",5-1,
638,보문(6),0,"1번출구, 2번출구, 3번출구, 4번출구, 5번출구, 6번출구, 7번출구, 8번출구",3-4,
638,보문(6),1,"1번출구, 2번출구, 3번출구, 4번출구, 5번출구, 6번출구, 7번출구, 8번출구",5-4,
639,안암,0,"1번출구, 2번출구, 3번출구, 4번출구",5-1,
639,안암,1,"1번출구, 2번출구, 3번출구, 4번출구",5-3,
640,고려대,0,"1번출구, 2번출구, 3번출구, 4번출구, 5번출구, 6번출구",3-3,
640,고려대,1,"1번출구, 2번출구, 3번출구, 4번출구, 5번출구, 6번출구",6-1,
641,월곡,0,"1번출구, 2번출구, 3번출구, 4번출구, 5번출구",3-3,
641,월곡,1,"1번출구, 2번출구, 3번출구, 4번출구, 5번출구",5-4,
642,상월곡,0,"1번출구, 4번출구",1-1,
642,상월곡,0,"2번출구, 3번출구",8-4,
642,상월곡,1,"1번출구, 4번출구",8-4,
642,상월곡,1,"2번출구, 3번출구",1-1,
643,돌곶이,0,"1번출구, 2번출구, 3번출구, 4번출구, 5번출구, 6번출구, 7번출구, 8번출구",5-4,
643,돌곶이,1,"1번출구, 2번출구, 3번출구, 4번출구, 5번출구, 6번출구, 7번출구, 8번출구",3-4,
644,석계(6),0,"1번출구, 6번출구, 7번출구",1-1,
644,석계(6),0,"2번출구, 3번출구, 4번출구, 5번출구",6-3,
644,석계(6),1,"1번출구, 6번출구, 7번출구",8-4,
644,석계(6),1,"2번출구, 3번출구, 4번출구, 5번출구",3-2,
645,태릉입구(6),0,"1번출구, 2번출구, 3번출구, 4번출구, 5번출구, 7번출구, 8번출구",5-2,
645,태릉입구(6),1,"1번출구, 2번출구, 3번출구, 4번출구, 5번출구, 7번출구, 8번출구",4-2,
645,태릉입구(6),1,"1번출구, 2번출구, 3번출구, 4번출구, 5번출구, 7번출구, 8번출구",4-3,
646,화랑대,0,"1번출구, 2번출구, 3번출구, 4번출구, 5번출구, 6번출구, 7번출구",6-3,
646,화랑대,1,"1번출구, 2번출구, 3번출구, 4번출구, 5번출구, 6번출구, 7번출구",3-2,
647,봉화산,1,"1번출구, 4번출구, 5번출구",8-4,
647,봉화산,1,"2번출구, 3번출구",1-1,
648,신내(6),1,"1번출구, 2번출구, 3번출구, 4번출구",7-4,
648,신내(6),1,"1번출구, 2번출구, 3번출구, 4번출구",8-1,
709,장암,0,1번출구,4-3,
710,도봉산(7),0,"1번출구, 2번출구",7-3,
710,도봉산(7),0,1-1번출구,1-1,
710,도봉산(7),1,"1번출구, 2번출구",2-2,
710,도봉산(7),1,1-1번출구,8-4,
711,수락산,0,"2번출구, 4번출구, 5번출구",8-4,
711,수락산,1,"2번출구, 4번출구, 5번출구",1-1,
712,마들,0,"1번출구, 2번출구, 3번출구, 4번출구, 5번출구, 6번출구, 7번출구, 8번출구",5-3,
712,마들,1,"1번출구, 2번출구, 3번출구, 4번출구, 5번출구, 6번출구, 7번출구, 8번출구",4-1,
713,노원(7),0,"1번출구, 2번출구, 3번출구, 4번출구, 8번출구, 9번출구, 10번출구",1-1,
713,노원(7),0,"5번출구, 6번출구, 7번출구",6-2,
713,노원(7),1,"1번출구, 2번출구, 3번출구, 4번출구, 8번출구, 9번출구, 10번출구",8-4,
713,노원(7),1,"5번출구, 6번출구, 7번출구",3-3,
714,중계,0,"1번출구, 2번출구, 5번출구, 6번출구",4-1,
714,중계,0,"3번출구, 4번출구",6-1,
714,중계,1,"1번출구, 2번출구, 6번출구",5-3,
714,중계,1,"3번출구, 4번출구, 5번출구",3-3,
715,하계,0,"1번출구, 6번출구",3-3,
715,하계,0,"2번출구, 3번출구, 4번출구, 5번출구",5-3,
715,하계,1,"1번출구, 6번출구",6-1,
715,하계,1,"2번출구, 3번출구, 4번출구, 5번출구",4-1,
716,공릉,0,"2번출구, 3번출구, 4번출구",5-1,
716,공릉,1,"2번출구, 3번출구, 4번출구",4-4,
717,태릉입구(7),0,"1번출구, 2번출구, 3번출구, 4번출구, 5번출구, 7번출구, 8번출구",4-1,
717,태릉입구(7),1,"1번출구, 2번출구, 3번출구, 4번출구, 5번출구, 7번출구, 8번출구",5-3,
718,먹골,0,"1번출구, 2번출구, 3번출구, 4번출구, 5번출구, 6번출구, 7번출구",4-1,
718,먹골,1,"1번출구, 2번출구, 3번출구, 4번출구, 5번출구, 6번출구, 7번출구",5-4,
719,중화,0,"1번출구, 4번출구",4-1,
719,중화,0,"2번출구, 3번출구",5-4,
719,중화,1,"1번출구, 4번출구",5-4,
719,중화,1,"2번출구, 3번출구",4-1,
720,상봉(7),0,"1번출구, 2번출구, 3번출구, 4번출구, 5번출구, 6번출구, 7번출구, 8번출구",3-4,
720,상봉(7),1,"1번출구, 2번출구, 3번출구, 4번출구, 5번출구, 6번출구, 7번출구, 8번출구",5-4,
721,면목,0,"1번출구, 2번출구, 3번출구",3-4,
721,면목,1,"1번출구, 2번출구, 3번출구",6-1,
722,사가정,0,"1번출구, 3번출구, 4번출구",2-4,
722,사가정,1,"1번출구, 3번출구, 4번출구",7-1,
723,용마산,0,"1번출구, 2번출구",2-4,
723,용마산,1,"1번출구, 2번출구",7-1,
724,중곡,0,"1번출구, 2번출구, 3번출구",4-1,
724,중곡,1,"1번출구, 2번출구, 3번출구",5-4,
725,군자(7),0,"1번출구, 2번출구, 3번출구, 4번출구",2-4,
725,군자(7),0,"5번출구, 6번출구, 7번출구, 8번출구",7-1,
725,군자(7),1,"1번출구, 2번출구, 3번출구, 4번출구",7-1,
725,군자(7),1,"5번출구, 6번출구, 7번출구, 8번출구",2-4,
726,어린이대공원,0,"1번출구, 2번출구, 3번출구, 4번출구, 5번출구, 6번출구",4-1,
726,어린이대공원,1,"1번출구, 2번출구, 3번출구, 4번출구, 5번출구, 6번출구",5-4,
727,건대입구(7),0,"1번출구, 2번출구, 5번출구, 6번출구",8-4,
727,건대입구(7),0,3번출구,4-4,
727,건대입구(7),0,4번출구,7-1,
727,건대입구(7),1,"1번출구, 2번출구, 5번출구, 6번출구",1-1,
727,건대입구(7),1,3번출구,5-1,
727,건대입구(7),1,4번출구,5-1,
728,뚝섬유원지,0,"1번출구, 4번출구",3-2,
728,뚝섬유원지,0,"2번출구, 3번출구",7-1,
728,뚝섬유원지,1,"1번출구, 4번출구",6-2,
728,뚝섬유원지,1,"2번출구, 3번출구",2-3,
729,청담,0,"1번출구, 2번출구, 3번출구, 12번출구, 13번출구, 14번출구",1-1,
729,청담,0,"4번출구, 5번출구, 6번출구, 7번출구, 8번출구, 9번출구, 10번출구, 11번출구",8-4,
729,청담,1,"1번출구, 2번출구, 3번출구, 12번출구, 13번출구, 14번출구",8-4,
729,청담,1,"4번출구, 5번출구, 6번출구, 7번출구, 8번출구, 9번출구, 10번출구, 11번출구",1-1,
730,강남구청(7),0,"1번출구, 4번출구",1-4,
730,강남구청(7),0,"2번출구, 3번출구",7-4,
730,강남구청(7),1,"1번출구, 4번출구",7-4,
730,강남구청(7),1,"2번출구, 3번출구",1-4,
731,학동,0,"1번출구, 2번출구, 3번출구, 4번출구, 5번출구, 6번출구, 7번출구, 8번출구, 9번출구, 10번출구",5-4,
731,학동,1,"1번출구, 2번출구, 3번출구, 4번출구, 5번출구, 6번출구, 7번출구, 8번출구, 9번출구, 10번출구",5-4,
732,논현,0,"1번출구, 2번출구, 3번출구, 4번출구, 9번출구, 10번출구",2-4,
732,논현,0,"3번출구, 4번출구, 5번출구, 6번출구, 7번출구, 8번출구",6-2,
732,논현,1,"1번출구, 2번출구, 3번출구, 4번출구, 9번출구, 10번출구",6-4,
732,논현,1,"3번출구, 4번출구, 5번출구, 6번출구, 7번출구, 8번출구",3-2,
733,반포,0,"1번출구, 2번출구, 3번출구, 4번출구, 5번출구, 6번출구",5-4,
733,반포,1,"1번출구, 2번출구, 3번출구, 4번출구, 5번출구, 6번출구",3-4,
734,고속터미널(7),0,"1번출구, 2번출구, 7번출구, 8번출구, 8-1번출구, 8-2번출구",2-3,
734,고속터미널(7),0,3번출구,4-4,
734,고속터미널(7),0,"4번출구, 5번출구, 6번출구",7-1,
734,고속터미널(7),1,"1번출구, 2번출구, 7번출구, 8번출구, 8-1번출구, 8-2번출구",7-1,
734,고속터미널(7),1,3번출구,5-1,
734,고속터미널(7),1,"4번출구, 5번출구, 6번출구",2-3,
735,내방,0,"1번출구, 2번출구, 3번출구, 4번출구, 5번출구, 6번출구, 7번출구, 8번출구",4-2,
735,내방,1,"1번출구, 2번출구, 3번출구, 4번출구, 5번출구, 6번출구, 7번출구, 8번출구",5-2,
736,이수,0,"1번출구, 2번출구, 13번출구, 14번출구",3-4,
736,이수,0,"3번출구, 4번출구, 5번출구, 6번출구, 7번출구, 8번출구, 11번출구, 12번출구",5-2,
736,이수,0,"9번출구, 10번출구",7-3,
736,이수,1,"1번출구, 2번출구, 13번출구, 14번출구",8-4,
736,이수,1,"3번출구, 4번출구, 5번출구, 6번출구, 7번출구, 8번출구, 11번출구, 12번출구",4-2,
736,이수,1,"9번출구, 10번출구",2-1,
737,남성,0,"1번출구, 2번출구, 4번출구",3-4,
737,남성,1,"1번출구, 2번출구, 4번출구",5-4,
738,숭실대입구,0,"1번출구, 2번출구, 3번출구, 4번출구",4-1,
738,숭실대입구,1,"1번출구, 2번출구, 3번출구, 4번출구",5-3,
739,상도,0,"1번출구, 2번출구, 3번출구, 4번출구, 5번출구",5-4,
739,상도,1,"1번출구, 2번출구, 3번출구, 4번출구, 5번출구",3-4,
740,장승배기,0,"1번출구, 2번출구, 3번출구, 4번출구, 5번출구, 6번출구",5-4,
740,장승배기,1,"1번출구, 2번출구, 3번출구, 4번출구, 5번출구, 6번출구",5-4,
741,신대방삼거리,0,"1번출구, 2번출구, 3번출구, 4번출구, 5번출구, 6번출구",3-3,
741,신대방삼거리,0,"1번출구, 2번출구, 3번출구, 4번출구, 5번출구, 6번출구",3-4,
741,신대방삼거리,1,"1번출구, 2번출구, 3번출구, 4번출구, 5번출구, 6번출구",3-4,
742,보라매,0,"1번출구, 2번출구, 3번출구, 4번출구, 5번출구, 6번출구, 7번출구, 8번출구",3-4,
742,보라매,1,"1번출구, 2번출구, 3번출구, 4번출구, 5번출구, 6번출구, 7번출구, 8번출구",5-4,
743,신풍,0,"1번출구, 6번출구",1-4,
743,신풍,0,"2번출구, 3번출구, 4번출구, 5번출구",4-4,
743,신풍,1,"1번출구, 6번출구",7-4,
743,신풍,1,"2번출구, 3번출구, 4번출구, 5번출구",4-4,
744,대림(7),0,"1번출구, 2번출구, 3번출구, 4번출구, 5번출구, 6번출구, 7번출구, 8번출구",8-4,
744,대림(7),0,"9번출구, 10번출구, 11번출구, 12번출구",3-4,
744,대림(7),0,"9번출구, 10번출구, 11번출구, 12번출구",4-1,
744,대림(7),0,"9번출구, 10번출구, 11번출구, 12번출구",5-4,
744,대림(7),1,"1번출구, 2번출구, 3번출구, 4번출구, 5번출구, 6번출구, 7번출구, 8번출구",1-1,
744,대림(7),1,"9번출구, 10번출구, 11번출구, 12번출구",3-4,
744,대림(7),1,"9번출구, 10번출구, 11번출구, 12번출구",4-1,
744,대림(7),1,"9번출구, 10번출구, 11번출구, 12번출구",5-4,
745,남구로,0,"1번출구, 6번출구",1-1,
745,남구로,0,"2번출구, 3번출구, 4번출구, 5번출구",8-4,
745,남구로,1,"1번출구, 6번출구",8-4,
745,남구로,1,"2번출구, 3번출구, 4번출구, 5번출구",1-1,
746,가산디지털단지(7),0,"1번출구, 2번출구, 3번출구, 4번출구, 7번출구, 8번출구",4-3,
746,가산디지털단지(7),0,"5번출구, 6번출구",6-4,
746,가산디지털단지(7),1,"1번출구, 2번출구, 3번출구, 4번출구, 7번출구, 8번출구",5-1,
746,가산디지털단지(7),1,"5번출구, 6번출구",3-1,
747,철산,0,1번출구,4-1,
747,철산,0,"2번출구, 3번출구",5-4,
747,철산,1,1번출구,5-4,
747,철산,1,2번출구,4-4,
747,철산,1,3번출구,4-1,
748,광명사거리,0,"1번출구, 10번출구",1-1,
748,광명사거리,0,"2번출구, 3번출구, 4번출구, 5번출구, 6번출구, 7번출구, 8번출구, 9번출구",8-4,
748,광명사거리,1,"1번출구, 10번출구",8-4,
748,광명사거리,1,"2번출구, 3번출구, 4번출구, 5번출구, 6번출구, 7번출구, 8번출구, 9번출구",1-1,
749,천왕,0,"2번출구, 3번출구",4-1,
749,천왕,1,"2번출구, 3번출구",5-4,
750,온수(7),0,"1번출구, 3번출구, 7번출구, 8번출구",1-1,
750,온수(7),0,2번출구,4-1,
750,온수(7),0,"4번출구, 5번출구, 6번출구",5-4,
750,온수(7),1,"1번출구, 3번출구, 7번출구, 8번출구",8-4,
750,온수(7),1,2번출구,5-4,
750,온수(7),1,"4번출구, 5번출구, 6번출구",4-1,
751,까치울,0,"1번출구, 2번출구, 3번출구, 4번출구",3-4,
751,까치울,1,"1번출구, 2번출구, 3번출구, 4번출구",6-1,
752,부천종합운동장,0,"1번출구, 2번출구, 3번출구",6-4,
752,부천종합운동장,1,"1번출구, 2번출구, 3번출구",3-1,
753,춘의,0,"1번출구, 2번출구, 3번출구, 4번출구, 5번출구, 6번출구, 7번출구, 8번출구",6-2,
753,춘의,1,"1번출구, 2번출구, 3번출구, 4번출구, 5번출구, 6번출구, 7번출구, 8번출구",3-3,
754,신중동,0,"1번출구, 2번출구, 3번출구, 4번출구, 5번출구, 6번출구, 7번출구",5-1,
754,신중동,1,"1번출구, 2번출구, 3번출구, 4번출구, 5번출구, 6번출구, 7번출구",4-4,
755,부천시청,0,"2번출구, 3번출구, 5번출구",4-4,
755,부천시청,1,"2번출구, 3번출구, 5번출구",5-1,
756,상동,0,"1번출구, 2번출구, 3번출구, 4번출구, 5번출구, 6번출구, 7번출구, 8번출구",6-1,
756,상동,1,"1번출구, 2번출구, 3번출구, 4번출구, 5번출구, 6번출구, 7번출구, 8번출구",3-4,
757,삼산체육관,0,"1번출구, 2번출구, 3번출구, 4번출구, 5번출구",3-2,
757,삼산체육관,1,"1번출구, 2번출구, 3번출구, 4번출구, 5번출구",6-3,
758,굴포천,0,"1번출구, 2번출구, 3번출구, 4번출구, 5번출구, 6번출구, 8번출구",6-1,
758,굴포천,1,"1번출구, 2번출구, 3번출구, 4번출구, 5번출구, 6번출구, 8번출구",3-4,
759,부평구청(7),0,"1번출구, 2번출구, 6번출구, 7번출구, 8번출구, 9번출구",4-3,
759,부평구청(7),0,"1번출구, 2번출구, 6번출구, 7번출구, 8번출구, 9번출구",4-4,
759,부평구청(7),0,"3번출구, 4번출구, 5번출구",2-4,
759,부평구청(7),1,"1번출구, 2번출구, 6번출구, 7번출구, 8번출구, 9번출구",5-2,
759,부평구청(7),1,"3번출구, 4번출구, 5번출구",7-1,
810,암사,0,"1번출구, 2번출구, 3번출구, 4번출구",2-4,
811,천호(8),0,"1번출구, 2번출구, 3번출구, 4번출구",1-4,
811,천호(8),0,"5번출구, 6번출구, 7번출구, 8번출구, 9번출구, 10번출구",2-2,
811,천호(8),1,"1번출구, 2번출구, 3번출구, 4번출구",6-1,
811,천호(8),1,"5번출구, 6번출구, 7번출구, 8번출구, 9번출구, 10번출구",5-3,
812,강동구청,0,"1번출구, 2번출구, 3번출구, 4번출구, 5번출구",3-2,
812,강동구청,1,"1번출구, 2번출구, 3번출구, 4번출구, 5번출구",4-2,
813,몽촌토성,0,"1번출구, 2번출구, 3번출구, 4번출구, 5번출구",2-4,
813,몽촌토성,1,"1번출구, 2번출구, 3번출구, 4번출구, 5번출구",4-4,
814,잠실(8),0,"1번출구, 2번출구, 2-1번출구, 3번출구, 4번출구, 5번출구, 6번출구, 7번출구, 8번출구",5-1,
814,잠실(8),0,"9번출구, 10번출구, 11번출구",3-1,
814,잠실(8),1,"1번출구, 2번출구, 2-1번출구, 3번출구, 4번출구, 5번출구, 6번출구, 7번출구, 8번출구",2-4,
814,잠실(8),1,"9번출구, 10번출구, 11번출구",4-4,
815,석촌(8),0,"3번출구, 4번출구, 7번출구, 8번출구",4-4,
815,석촌(8),1,"3번출구, 4번출구, 7번출구, 8번출구",3-1,
816,송파,0,"1번출구, 2번출구, 3번출구, 4번출구",3-1,
816,송파,1,"1번출구, 2번출구, 3번출구, 4번출구",4-4,
817,가락시장(8),0,"1번출구, 2번출구, 3번출구, 4번출구, 5번출구, 6번출구, 7번출구",8-4,
817,가락시장(8),0,8번출구,5-1,
817,가락시장(8),1,"1번출구, 2번출구, 3번출구, 4번출구, 5번출구, 6번출구, 7번출구",3-1,
817,가락시장(8),1,8번출구,6-4,
818,문정,0,"1번출구, 3번출구",3-1,
818,문정,1,"1번출구, 3번출구",4-4,
819,장지,0,"2번출구, 3번출구, 4번출구",4-4,
819,장지,1,"2번출구, 3번출구, 4번출구",3-1,
820,복정(8),0,"1번출구, 2번출구, 3번출구, 4번출구",2-4,
820,복정(8),1,"1번출구, 2번출구, 3번출구, 4번출구",4-4,
821,남위례,0,"1번출구, 2번출구, 3번출구, 4번출구, 5번출구",4-1,
821,남위례,1,"1번출구, 2번출구, 3번출구, 4번출구, 5번출구",2-2,
821,남위례,1,"1번출구, 2번출구, 3번출구, 4번출구, 5번출구",5-1,
822,산성,0,"1번출구, 2번출구, 3번출구",6-2,
822,산성,1,"1번출구, 2번출구, 3번출구",1-3,
823,남한산성입구,0,"1번출구, 2번출구, 3번출구, 4번출구",3-1,
823,남한산성입구,1,"1번출구, 2번출구, 3번출구, 4번출구",4-4,
824,단대오거리,0,"1번출구, 2번출구, 3번출구, 4번출구, 5번출구, 6번출구, 7번출구",3-3,
824,단대오거리,1,"1번출구, 2번출구, 3번출구, 4번출구, 5번출구, 6번출구, 7번출구",4-2,
825,신흥,0,"1번출구, 2번출구, 3번출구, 4번출구",4-4,
825,신흥,1,"1번출구, 2번출구, 3번출구, 4번출구",3-1,
826,수진,0,"1번출구, 2번출구, 3번출구, 4번출구",3-1,
826,수진,1,"1번출구, 2번출구, 3번출구, 4번출구",4-4,
827,모란(8),1,"1번출구, 2번출구, 3번출구, 4번출구, 5번출구, 6번출구, 7번출구, 8번출구, 9번출구, 10번출구, 11번출구, 12번출구",3-2,
938,중앙보훈병원,0,1번출구,4-4,
938,중앙보훈병원,0,"2번출구, 3번출구",2-2,
937,둔촌오륜,0,"1번출구, 2번출구",2-1,
937,둔촌오륜,1,"1번출구, 2번출구",2-3,
936,올림픽공원(9),0,"1번출구, 2번출구, 3번출구, 4번출구",4-2,
936,올림픽공원(9),1,"1번출구, 2번출구, 3번출구, 4번출구",3-3,
935,한성백제,0,"1번출구, 2번출구, 3번출구, 4번출구",2-1,
935,한성백제,1,"1번출구, 2번출구, 3번출구, 4번출구",3-1,
934,송파나루,0,"1번출구, 2번출구, 3번출구, 4번출구",2-2,
934,송파나루,1,"1번출구, 2번출구, 3번출구, 4번출구",2-3,
933,석촌(9),0,"1번출구, 2번출구, 3번출구, 4번출구, 5번출구, 6번출구, 7번출구, 8번출구",1-1,
933,석촌(9),1,"1번출구, 2번출구, 3번출구, 4번출구, 5번출구, 6번출구, 7번출구, 8번출구",1-4,
932,"	
석촌고분",0,"1번출구, 2번출구, 3번출구, 4번출구",2-3,
932,"	
석촌고분",1,"1번출구, 2번출구, 3번출구, 4번출구",2-4,
931,삼전,0,"1번출구, 2번출구, 3번출구, 4번출구",2-4,
931,삼전,1,"1번출구, 2번출구, 3번출구, 4번출구",2-2,
930,"	
종합운동장(9)",0,"1번출구, 2번출구, 3번출구, 4번출구, 5번출구, 6번출구, 7번출구, 8번출구, 9번출구",1-4,
930,"	
종합운동장(9)",1,"1번출구, 2번출구, 3번출구, 4번출구, 5번출구, 6번출구, 7번출구, 8번출구, 9번출구",1-4,
929,봉은사,0,"1번출구, 2번출구, 3번출구, 4번출구, 5번출구, 6번출구, 7번출구",1-4,
929,봉은사,1,"1번출구, 2번출구, 3번출구, 4번출구, 5번출구, 6번출구, 7번출구",4-1,
928,삼성중앙,0,"1번출구, 2번출구, 3번출구, 4번출구, 5번출구, 6번출구, 7번출구",2-3,
928,삼성중앙,1,"1번출구, 2번출구, 3번출구, 4번출구, 5번출구, 6번출구, 7번출구",2-1,
927,선정릉(9),0,"1번출구, 2번출구, 3번출구, 4번출구",2-2,
927,선정릉(9),1,"1번출구, 2번출구, 3번출구, 4번출구",3-2,
926,언주,0,"1번출구, 2번출구, 3번출구, 4번출구, 5번출구, 6번출구, 7번출구, 8번출구",2-4,
926,언주,0,"1번출구, 2번출구, 3번출구, 4번출구, 5번출구, 6번출구, 7번출구, 8번출구",3-1,
926,언주,1,"1번출구, 2번출구, 3번출구, 4번출구, 5번출구, 6번출구, 7번출구, 8번출구",4-4,
925,신논현(9),0,"1번출구, 2번출구, 3번출구, 4번출구, 5번출구, 8번출구, 9번출구",1-4,
925,신논현(9),0,"1번출구, 2번출구, 3번출구, 4번출구, 5번출구, 8번출구, 9번출구",5-4,
925,신논현(9),0,"6번출구, 7번출구",1-1,
925,신논현(9),1,"1번출구, 2번출구, 3번출구, 4번출구, 5번출구, 8번출구, 9번출구",2-1,
925,신논현(9),1,"1번출구, 2번출구, 3번출구, 4번출구, 5번출구, 8번출구, 9번출구",6-1,
925,신논현(9),1,"6번출구, 7번출구",6-4,
924,사평,0,"1번출구, 2번출구",1-1,
924,사평,1,"1번출구, 2번출구",5-4,
924,사평,1,"1번출구, 2번출구",6-1,
923,고속터미널(9),0,"1번출구, 8번출구",4-4,
923,고속터미널(9),0,"2번출구, 3번출구, 4번출구, 5번출구, 6번출구, 7번출구, 8-1번출구, 8-2번출구",4-1,
923,고속터미널(9),1,"1번출구, 8번출구",1-1,
923,고속터미널(9),1,"2번출구, 3번출구, 4번출구, 5번출구, 6번출구, 7번출구",4-2,
923,고속터미널(9),1,"8-1번출구, 8-2번출구",1-4,
922,신반포,0,"1번출구, 2번출구, 3번출구, 4번출구",4-2,
922,신반포,1,"1번출구, 2번출구, 3번출구, 4번출구",1-3,
921,구반포,0,"1번출구, 2번출구, 3번출구",1-3,
921,구반포,1,"1번출구, 2번출구, 3번출구",4-2,
920,동작(9),0,"1번출구, 2번출구, 3번출구, 4번출구, 5번출구, 6번출구, 7번출구, 8번출구, 9번출구",4-1,
920,동작(9),1,"1번출구, 2번출구, 3번출구, 4번출구, 5번출구, 6번출구, 7번출구, 8번출구, 9번출구",1-1,
919,흑석,0,"1번출구, 2번출구, 3번출구, 4번출구",3-4,
919,흑석,1,"1번출구, 2번출구, 3번출구, 4번출구",2-1,
918,노들,0,"1번출구, 5번출구",2-1,
918,노들,0,"2번출구, 3번출구, 4번출구",4-2,
918,노들,1,"1번출구, 5번출구",3-4,
918,노들,1,"2번출구, 3번출구, 4번출구",1-3,
917,노량진(9),0,"1번출구, 2번출구, 3번출구, 3-1번출구, 8번출구",4-2,
917,노량진(9),0,"4번출구, 5번출구, 6번출구, 7번출구",1-4,
917,노량진(9),0,"4번출구, 5번출구, 6번출구, 7번출구",2-1,
917,노량진(9),1,"1번출구, 2번출구, 3번출구, 3-1번출구, 8번출구",1-3,
917,노량진(9),1,"4번출구, 5번출구, 6번출구, 7번출구",3-4,
917,노량진(9),1,"4번출구, 5번출구, 6번출구, 7번출구",4-1,
916,샛강,0,"1번출구, 2번출구, 3번출구, 4번출구",1-3,
916,샛강,1,"1번출구, 2번출구, 3번출구, 4번출구",6-2,
916,샛강,1,"1번출구, 2번출구, 3번출구, 4번출구",6-3,
915,"	
여의도(9)",0,"1번출구, 2번출구, 3번출구, 4번출구",1-1,
915,"	
여의도(9)",0,"5번출구, 6번출구",3-1,
915,"	
여의도(9)",1,"1번출구, 2번출구, 3번출구, 4번출구",4-4,
915,"	
여의도(9)",1,"5번출구, 6번출구",2-4,
914,"	
국회의사당",0,"1번출구, 2번출구, 3번출구, 4번출구, 5번출구, 6번출구",1-1,
914,"	
국회의사당",1,"1번출구, 2번출구, 3번출구, 4번출구, 5번출구, 6번출구",4-4,
913,"	
당산(9)",0,"1번출구, 2번출구, 3번출구, 4번출구, 5번출구, 6번출구",1-1,
913,"	
당산(9)",0,"7번출구, 10번출구, 11번출구, 12번출구, 13번출구",2-4,
913,"	
당산(9)",0,"8번출구, 9번출구",5-4,
913,"	
당산(9)",1,"1번출구, 2번출구, 3번출구, 4번출구, 5번출구, 6번출구",6-4,
913,"	
당산(9)",1,"7번출구, 10번출구, 11번출구, 12번출구, 13번출구",5-1,
913,"	
당산(9)",1,"8번출구, 9번출구",2-1,
912,선유도,0,"1번출구, 2번출구, 3번출구, 4번출구, 5번출구, 6번출구, 7번출구, 8번출구",2-3,
912,선유도,0,"1번출구, 2번출구, 3번출구, 4번출구, 5번출구, 6번출구, 7번출구, 8번출구",5-2,
912,선유도,1,"1번출구, 2번출구, 3번출구, 4번출구, 5번출구, 6번출구, 7번출구, 8번출구",1-3,
911,신목동,0,"1번출구, 2번출구, 3번출구",3-1,
911,신목동,1,"1번출구, 2번출구, 3번출구",4-1,
910,염창,0,"1번출구, 2번출구, 3번출구, 4번출구",1-4,
910,염창,1,"1번출구, 2번출구, 3번출구, 4번출구",4-1,
909,등촌,0,"1번출구, 2번출구, 5번출구, 6번출구, 7번출구, 8번출구",1-1,
909,등촌,0,"3번출구, 4번출구",4-4,
909,등촌,1,"1번출구, 2번출구, 5번출구, 6번출구, 7번출구, 8번출구",4-4,
909,등촌,1,"3번출구, 4번출구",1-1,
908,"	
증미",0,"1번출구, 2번출구, 3번출구, 4번출구",4-2,
908,"	
증미",1,"1번출구, 2번출구, 3번출구, 4번출구",1-3,
907,가양,0,"1번출구, 10번출구",1-1,
907,가양,0,"2번출구, 3번출구, 4번출구, 5번출구, 6번출구, 7번출구, 8번출구, 9번출구",6-4,
907,가양,1,"1번출구, 10번출구",6-4,
907,가양,1,"2번출구, 3번출구, 4번출구, 5번출구, 6번출구, 7번출구, 8번출구, 9번출구",1-1,
906,양천향교,0,"1번출구, 2번출구, 3번출구, 4번출구, 5번출구, 6번출구, 7번출구, 8번출구",1-1,
906,양천향교,1,"1번출구, 2번출구, 3번출구, 4번출구, 5번출구, 6번출구, 7번출구, 8번출구",4-4,
905,마곡나루,0,1번출구,1-2,
905,마곡나루,0,"3번출구, 4번출구, 5번출구, 6번출구",4-4,
905,마곡나루,1,1번출구,4-3,
905,마곡나루,1,"3번출구, 4번출구, 5번출구, 6번출구",1-1,
904,"	
신방화",0,"1번출구, 2번출구, 3번출구, 4번출구, 5번출구, 6번출구, 7번출구, 8번출구",1-4,
904,"	
신방화",0,"1번출구, 2번출구, 3번출구, 4번출구, 5번출구, 6번출구, 7번출구, 8번출구",4-3,
904,"	
신방화",1,"1번출구, 2번출구, 3번출구, 4번출구, 5번출구, 6번출구, 7번출구, 8번출구",4-1,
904,"	
신방화",1,"1번출구, 2번출구, 3번출구, 4번출구, 5번출구, 6번출구, 7번출구, 8번출구",1-2,
903,공항시장,0,"1번출구, 2번출구, 3번출구, 4번출구",4-4,
903,공항시장,1,"1번출구, 2번출구, 3번출구, 4번출구",1-1,
902,김포공항(9),0,"1번출구, 2번출구, 3번출구, 4번출구",2-4,
902,김포공항(9),1,"1번출구, 2번출구, 3번출구, 4번출구",2-4,
901,개화,1,"1번출구, 2번출구",1-1,
901,개화,1,"1번출구, 2번출구",4-4,
K122,양원,0,"1번출구, 2번출구",4-3,
K122,양원,1,"1번출구, 2번출구",5-2,
K121,망우,0,"1번출구, 2번출구, 3번출구",5-1,
K121,망우,1,"1번출구, 2번출구, 3번출구",4-4,
K120,상봉(경의중앙),0,"1번출구, 2번출구, 3번출구, 4번출구, 5번출구, 6번출구, 7번출구, 8번출구",7-3,
K120,상봉(경의중앙),1,"1번출구, 2번출구, 3번출구, 4번출구, 5번출구, 6번출구, 7번출구, 8번출구",3-1,
K119,중랑,0,"1번출구, 4번출구",1-3,
K119,중랑,0,"2번출구, 3번출구",4-2,
K119,중랑,1,"1번출구, 4번출구",8-2,
K119,중랑,1,"2번출구, 3번출구",5-3,
K118,회기(경의중앙),0,"1번출구, 2번출구",3-3,
K118,회기(경의중앙),1,"1번출구, 2번출구",6-2,
K117,"	
청량리(경의중앙)",0,"1번출구, 2번출구, 3번출구",5-2,
K117,"	
청량리(경의중앙)",1,"1번출구, 2번출구, 3번출구",4-3,
K116,왕십리(경의중앙),0,"1번출구, 2번출구, 3번출구, 4번출구, 5번출구, 6번출구, 6-1번출구, 7번출구, 8번출구, 9번출구, 10번출구, 11번출구",2-4,
K116,왕십리(경의중앙),0,"12번출구, 13번출구",4-1,
K116,왕십리(경의중앙),1,"1번출구, 2번출구, 3번출구, 4번출구, 5번출구, 6번출구, 6-1번출구, 7번출구, 8번출구, 9번출구, 10번출구, 11번출구",7-1,
K116,왕십리(경의중앙),1,"12번출구, 13번출구",5-4,
K115,응봉,0,1번출구,8-4,
K115,응봉,1,1번출구,1-1,
K114,옥수(경의중앙),0,"1번출구, 2번출구, 3번출구, 4번출구, 5번출구, 6번출구, 7번출구",2-4,
K114,옥수(경의중앙),1,"1번출구, 2번출구, 3번출구, 4번출구, 5번출구, 6번출구, 7번출구",4-4,
K113,한남,0,1번출구,1-1,
K113,한남,1,1번출구,8-4,
K112,서빙고,0,"1번출구, 2번출구",8-4,
K112,서빙고,1,"1번출구, 2번출구",1-1,
K111,이촌(경의중앙),0,"1번출구, 2번출구, 3번출구, 3-1번출구, 4번출구, 5번출구",4-2,
K111,이촌(경의중앙),0,"1번출구, 2번출구, 3번출구, 3-1번출구, 4번출구, 5번출구",4-3,
K111,이촌(경의중앙),0,"1번출구, 2번출구, 3번출구, 3-1번출구, 4번출구, 5번출구",6-2,
K111,이촌(경의중앙),1,"1번출구, 2번출구, 3번출구, 3-1번출구, 4번출구, 5번출구",3-3,
K111,이촌(경의중앙),1,"1번출구, 2번출구, 3번출구, 3-1번출구, 4번출구, 5번출구",5-2,
K110,용산(경의중앙),0,"1번출구, 2번출구, 3번출구",8-3,
K110,용산(경의중앙),1,"1번출구, 2번출구, 3번출구",1-2,
K110,용산(경의중앙),1,"1번출구, 2번출구, 3번출구",8-3,
K826,효창공원앞(경의중앙),0,"1번출구, 2번출구, 3번출구",2-3,
K826,효창공원앞(경의중앙),0,"4번출구, 5번출구",5-4,
K826,효창공원앞(경의중앙),1,"1번출구, 2번출구, 3번출구, 6번출구",8-2,
K826,효창공원앞(경의중앙),1,"4번출구, 5번출구",4-3,
K312,공덕(경의중앙),0,"1번출구, 2번출구, 3번출구, 4번출구, 5번출구, 6번출구, 7번출구, 8번출구",1-1,
K312,공덕(경의중앙),0,"9번출구, 10번출구",3-1,
K312,공덕(경의중앙),0,"9번출구, 10번출구",3-2,
K312,공덕(경의중앙),0,"9번출구, 10번출구",6-2,
K312,공덕(경의중앙),1,"1번출구, 2번출구, 3번출구, 4번출구, 5번출구, 6번출구, 7번출구, 8번출구",8-4,
K312,공덕(경의중앙),1,"9번출구, 10번출구",3-3,
K312,공덕(경의중앙),1,"9번출구, 10번출구",6-4,
K313,서강대,0,"1번출구, 2번출구",4-1,
K313,서강대,1,"1번출구, 2번출구",5-4,
K314,홍대입구(경의중앙),0,"1번출구, 2번출구, 3번출구, 4번출구, 5번출구, 8번출구",1-1,
K314,홍대입구(경의중앙),0,"6번출구, 7번출구",6-4,
K314,홍대입구(경의중앙),1,"1번출구, 2번출구, 3번출구, 4번출구, 5번출구, 8번출구",8-4,
K314,홍대입구(경의중앙),1,"6번출구, 7번출구",1-2,
K315,가좌,0,"1번출구, 2번출구, 3번출구, 4번출구",2-1,
K315,가좌,0,"1번출구, 2번출구, 3번출구, 4번출구",5-1,
K315,가좌,1,"1번출구, 2번출구, 3번출구, 4번출구",3-4,
K315,가좌,1,"1번출구, 2번출구, 3번출구, 4번출구",4-4,
K316,디지털미디어시티(경의중앙),0,"1번출구, 2번출구, 3번출구, 4번출구, 5번출구, 7번출구",4-4,
K316,디지털미디어시티(경의중앙),0,"1번출구, 2번출구, 3번출구, 4번출구, 5번출구, 7번출구, 8번출구, 9번출구",8-4,
K316,디지털미디어시티(경의중앙),0,6번출구,2-3,
K316,디지털미디어시티(경의중앙),0,6번출구,5-2,
K316,디지털미디어시티(경의중앙),1,"1번출구, 2번출구, 3번출구, 4번출구, 5번출구, 7번출구, 8번출구, 9번출구",1-1,
K316,디지털미디어시티(경의중앙),1,6번출구,4-3,
K317,수색,0,1번출구,5-3,
K317,수색,1,1번출구,4-1,
K222,복정(수인분당),0,"1번출구, 2번출구, 3번출구, 4번출구",3-3,
K222,복정(수인분당),1,"1번출구, 2번출구, 3번출구, 4번출구",6-2,
K221,수서(수인분당),0,"1번출구, 1-1번출구, 2번출구, 3번출구, 4번출구, 5번출구, 6번출구",6-1,
K221,수서(수인분당),1,"1번출구, 1-1번출구, 2번출구, 3번출구, 4번출구, 5번출구, 6번출구",2-4,
K220,대모산입구,0,"1번출구, 2번출구, 3번출구, 4번출구, 5번출구, 6번출구, 7번출구, 8번출구",5-4,
K220,대모산입구,1,"1번출구, 2번출구, 3번출구, 4번출구, 5번출구, 6번출구, 7번출구, 8번출구",4-1,
K219,개포동,0,"1번출구, 2번출구, 3번출구, 4번출구, 5번출구, 6번출구, 7번출구, 8번출구",3-4,
K219,개포동,1,"1번출구, 2번출구, 3번출구, 4번출구, 5번출구, 6번출구, 7번출구, 8번출구",6-1,
K218,구룡,0,"1번출구, 2번출구, 3번출구, 4번출구, 5번출구",3-1,
K218,구룡,1,"1번출구, 2번출구, 3번출구, 4번출구, 5번출구",4-4,
K217,도곡(수인분당),0,"1번출구, 2번출구",5-1,
K217,도곡(수인분당),0,"3번출구, 4번출구",6-4,
K217,도곡(수인분당),1,"1번출구, 2번출구",6-2,
K217,도곡(수인분당),1,"3번출구, 4번출구",4-3,
K216,한티,0,"2번출구, 3번출구, 4번출구, 5번출구, 7번출구, 8번출구",5-3,
K216,한티,1,"2번출구, 3번출구, 4번출구, 5번출구, 7번출구, 8번출구",2-2,
K215,선릉(수인분당),0,"1번출구, 2번출구, 3번출구, 4번출구",6-3,
K215,선릉(수인분당),0,"5번출구, 6번출구, 7번출구, 8번출구, 9번출구, 10번출구",5-1,
K215,선릉(수인분당),1,"1번출구, 2번출구, 3번출구, 4번출구",1-2,
K215,선릉(수인분당),1,"5번출구, 6번출구, 7번출구, 8번출구, 9번출구, 10번출구",2-4,
K214,선정릉(수인분당),0,"1번출구, 2번출구, 3번출구, 4번출구",5-4,
K214,선정릉(수인분당),1,"1번출구, 2번출구, 3번출구, 4번출구",4-1,
K213,강남구청(수인분당),0,"1번출구, 2번출구, 3번출구, 4번출구",3-4,
K213,강남구청(수인분당),1,"1번출구, 2번출구, 3번출구, 4번출구",4-1,
K212,압구정로데오,0,"1번출구, 2번출구, 3번출구, 4번출구, 5번출구, 6번출구, 7번출구",4-2,
K212,압구정로데오,1,"1번출구, 2번출구, 3번출구, 4번출구, 5번출구, 6번출구, 7번출구",5-3,
K211,서울숲,0,"1번출구, 5번출구",3-4,
K211,서울숲,0,"2번출구, 3번출구",6-1,
K211,서울숲,1,"1번출구, 5번출구",6-1,
K211,서울숲,1,"2번출구, 3번출구",3-4,
K210,왕십리(수인분당),0,"1번출구, 2번출구, 3번출구, 4번출구, 5번출구, 6번출구, 6-1번출구, 7번출구, 8번출구, 9번출구, 10번출구, 11번출구",6-4,
K210,왕십리(수인분당),0,"12번출구, 13번출구",5-4,
D10,청계산입구,0,"1번출구, 2번출구",3-1,
D10,청계산입구,1,"1번출구, 2번출구",4-4,
D9,양재시민의숲,0,"1번출구, 2번출구, 3번출구, 4번출구, 5번출구",4-3,
D9,양재시민의숲,1,"1번출구, 2번출구, 3번출구, 4번출구, 5번출구",3-2,
D8,양재(신분당),0,"1번출구, 2번출구, 3번출구, 4번출구, 5번출구, 6번출구, 7번출구, 10번출구, 11번출구, 12번출구",3-2,
D8,양재(신분당),0,"8번출구, 9번출구",6-4,
D8,양재(신분당),1,"1번출구, 2번출구, 3번출구, 4번출구, 5번출구, 6번출구, 7번출구, 10번출구, 11번출구, 12번출구",4-3,
D8,양재(신분당),1,"8번출구, 9번출구",1-1,
D7,강남(신분당),0,"1번출구, 2번출구, 3번출구, 6번출구, 7번출구, 8번출구, 9번출구, 10번출구, 11번출구, 12번출구",3-2,
D7,강남(신분당),0,"4번출구, 5번출구",6-4,
D7,강남(신분당),1,"1번출구, 2번출구, 3번출구, 6번출구, 7번출구, 8번출구, 9번출구, 10번출구, 11번출구, 12번출구",4-3,
D7,강남(신분당),1,"4번출구, 5번출구",1-1,
D6,신논현(신분당),0,"1번출구, 2번출구, 3번출구, 4번출구, 5번출구, 6번출구, 7번출구, 8번출구, 9번출구",2-2,
D6,신논현(신분당),0,"1번출구, 2번출구, 3번출구, 4번출구, 5번출구, 6번출구, 7번출구, 8번출구, 9번출구",6-2,
D6,신논현(신분당),1,"1번출구, 2번출구, 3번출구, 4번출구, 5번출구, 6번출구, 7번출구, 8번출구, 9번출구",1-4,
D6,신논현(신분당),1,"1번출구, 2번출구, 3번출구, 4번출구, 5번출구, 6번출구, 7번출구, 8번출구, 9번출구",5-3,
D5,논현(신분당),0,"1번출구, 2번출구, 5번출구, 6번출구, 7번출구, 8번출구, 9번출구, 10번출구",2-1,
D5,논현(신분당),0,"3번출구, 4번출구",6-1,
D5,논현(신분당),1,"1번출구, 2번출구, 5번출구, 6번출구, 7번출구, 8번출구, 9번출구, 10번출구",5-4,
D5,논현(신분당),1,"3번출구, 4번출구",1-4,
D4,신사(신분당),0,"1번출구, 5번출구, 6번출구, 7번출구, 8번출구",3-2,
D4,신사(신분당),0,"2번출구, 3번출구, 4번출구",4-3,
D4,신사(신분당),0,"2번출구, 3번출구, 4번출구",4-4,
